pcode,Records,Species,Observers,Datasets
SA73,4,2,2,2
SA73,4,2,2,2
M50,51,40,3,3
DG1,56,37,1,5
BS23,5147,446,2,8
HU15,6,3,1,1
L24,39,24,2,3
WA55,76,50,5,8
LD2,23,16,1,2
HA9,2,2,1,2
IV49,63,62,3,4
EH3,232,202,4,8
GL12,144,53,0,3
SL3,93,86,1,5
KY99,24,16,4,9
L70,36,19,3,5
LL19,16,14,2,4
NG8,408,41,2,7
PE12,9,6,2,4
CW98,23,17,1,3
BN51,42,25,4,10
L70,963,452,4,8
DG7,138,84,1,7
CR2,26,8,1,4
LL42,187,170,4,3
YO90,5,4,2,4
SS1,74,8,3,5
FY4,272,156,3,6
CH99,11,8,2,4
G60,52,30,3,7
LS98,433,61,1,6
SN99,3,2,2,2
BS15,98,88,1,1
IV11,39,9,7,3
SA72,70,65,4,2
RM7,3,3,2,3
CH31,41,15,1,5
KT10,30,16,1,9
M99,120,99,8,12
CR9,120,13,1,6
M61,59,50,5,5
L80,407,188,3,5
SE24,6,2,1,2
EC3P,4,3,2,3
NE99,3,1,1,2
EC2P,3,2,1,2
L67,570,185,4,7
G31,44,12,1,4
CT50,7,6,1,3
YO24,12,5,1,4
BS99,1817,336,2,4
B42,16,16,1,3
EH5,1,1,1,1
M60,77,61,7,10
EH5,1,1,1,1
BL11,144,104,6,8
SS16,297,29,1,5
LE87,156,67,1,16
PA16,6,5,0,2
CB1,208,86,4,8
SL95,561,281,1,5
CF99,23,22,7,4
NE99,26,19,1,7
TQ8,83,7,2,6
KT3,27,7,1,5
KT3,27,7,1,5
PH30,3084,672,20,18
LL30,119,55,2,2
KY99,3,2,1,3
AB11,108,61,1,8
AB11,108,61,1,8
CR9,26,6,1,4
CR9,26,6,1,4
DA11,15,10,4,5
TR11,128,83,3,5
LL56,4,3,3,3
KY14,16,6,2,3
BD99,1,1,1,1
DA12,44,33,1,4
PO6,79,13,3,5
LL47,2,1,1,1
W1A,3,1,1,2
ME8,14,6,1,2
SO15,45,26,1,5
PO9,24,13,1,3
M38,47,38,3,5
LE2,309,84,3,15
EH38,968,337,8,21
S99,64,28,2,7
SS99,165,121,3,9
L74,2179,555,9,10
PR3,74,46,1,3
DT4,76,71,3,3
LL32,50,44,1,1
GL14,190,77,1,4
CM6,13,9,1,4
IV54,24,20,5,6
PA73,88,80,3,4
NG90,98,33,11,14
NG90,98,33,11,14
PH25,16925,2032,188,61
PL10,231,155,3,3
PL11,15,9,2,3
SA71,848,322,18,5
ZE1,36,36,4,3
TR21,211,95,5,2
PH22,19187,3175,304,77
PO4,212,103,14,14
PA31,417,48,3,2
PH34,4850,1007,64,33
DG6,154,23,0,4
FK12,950,169,13,19
PO16,75,20,3,5
TS6,48,33,2,5
EH4,1,1,1,1
EH24,999,335,16,22
PA76,41,24,2,8
ZE2,33,33,2,2
TR12,654,316,9,15
PA34,61,42,5,7
IV26,33,30,2,4
LL70,181,99,1,1
PL27,149,102,2,1
IV49,2,2,0,2
TA17,125,45,4,12
PL34,29,29,2,2
HS5,5,5,1,1
PA66,2,2,1,1
PA66,2,2,1,1
IV54,5,3,2,3
HS2,60,42,2,4
PA42,11,5,2,3
HS7,208,69,1,1
PA68,6,6,3,2
IV22,18,17,4,4
HS8,3,3,1,1
IV27,61,34,4,3
TR24,309,124,3,3
PH5,564,93,15,17
CF64,140,73,5,8
HS6,42,17,0,6
ZE2,11,7,2,3
IV49,15,11,6,6
ZE1,903,131,3,2
PA73,567,362,5,7
TA8,2536,875,2,5
TA8,2536,875,2,5
LA13,75,32,2,4
KW17,4,4,2,1
NE69,81,47,3,4
IV26,1,1,1,1
PH41,2386,677,17,18
EH27,2768,710,14,29
IV40,8,7,4,4
IV54,4,4,3,2
CH47,142,113,7,8
TS29,454,181,10,13
BH13,2324,1186,60,23
LL56,5678,430,24,26
PA22,233,61,7,5
EH37,4253,965,45,37
IV44,2880,844,59,28
DN17,246,72,7,10
DN17,246,72,7,10
ML10,3370,568,29,36
LD4,4583,741,16,32
PA76,12,9,2,5
KW16,366,199,9,12
KW17,78,50,5,3
KW17,32,14,3,5
ZE3,22,10,4,3
PA65,124,27,2,6
HS3,93,58,3,3
CF41,367,218,20,13
IV26,35,23,4,7
LL71,1481,275,16,32
PL22,2631,571,22,36
PA28,157,92,2,5
PL22,2631,571,22,36
PH13,2896,698,105,35
KA26,117,72,6,9
IV27,6,5,3,2
EH39,40,31,2,4
ML9,2093,449,21,28
CA23,1171,409,20,30
HX5,220,120,11,15
HS9,11,3,2,2
EH26,8159,1282,67,49
LL34,609,102,9,19
WS8,579,103,12,19
HU10,1563,89,8,20
CF46,3109,387,35,31
DE3,2411,387,13,30
CB9,11765,1164,20,33
OL13,9850,992,14,28
AB56,5823,716,42,43
PA10,2356,251,16,25
ME12,5329,479,40,49
LL17,1776,401,32,33
LL17,1776,401,32,33
EH23,6295,1134,44,35
B80,3318,917,16,23
NP44,3768,366,23,31
FK4,2262,364,22,31
NE35,411,72,6,20
PA34,592,204,11,8
PA61,37,19,4,6
IV27,76,41,4,11
TN28,1384,389,19,39
PE10,6589,498,37,45
OX49,3336,694,29,41
HS6,6,6,1,1
EX1,2626,112,14,30
GU7,3022,374,20,45
PL21,5529,692,40,50
CF45,4767,433,26,26
TD9,15385,1698,382,51
DN20,3431,508,30,35
EX11,2888,217,21,39
TR10,2353,509,25,31
TS9,6944,515,22,30
EX18,1267,227,12,31
RM4,1955,258,16,27
HS6,11,10,3,1
HS4,984,274,7,15
CF39,2158,332,26,25
KA2,2463,426,36,27
WC1E,260,49,5,15
NP22,2418,487,26,21
KA5,4421,639,50,29
KA5,4421,639,50,29
GU52,2925,166,18,32
OX9,5533,485,15,35
AL7,4510,283,11,26
NE69,1765,356,18,24
NE31,312,50,5,15
EX36,3657,475,18,34
ZE2,24,10,2,3
DH8,6147,585,34,39
SN11,3313,345,39,36
LD1,14596,1830,81,60
SA70,1117,366,14,12
S21,4627,894,30,42
S21,4627,894,30,42
ML2,2101,349,15,30
IP25,5383,484,25,40
IP33,10934,1697,19,34
IP25,5383,484,25,40
IP33,10934,1697,19,34
EH2,576,199,22,26
EH2,576,199,22,26
BN10,1759,112,12,23
EH53,3269,721,21,36
GL12,31843,3150,36,50
HD9,7109,417,27,40
KA20,1069,403,21,18
ZE2,25,15,4,3
NE23,1656,217,22,33
BS30,49124,1821,23,39
SG11,7480,406,24,37
CF71,5935,612,60,43
IV22,85,50,5,9
BN1,4941,572,58,51
SM7,3130,262,13,33
PE9,14943,1714,85,73
PE9,14943,1714,85,73
NP4,7149,654,42,42
IV51,837,300,17,15
SL5,10820,1037,62,46
WA13,4244,505,24,40
RH4,3926,644,47,47
LD3,39569,2541,141,70
TA21,3321,285,24,41
EN6,5531,431,17,34
BH18,4296,500,82,29
YO16,1503,181,14,22
PE23,3307,458,24,37
CV34,3067,337,20,35
CV34,3067,337,20,35
CV34,3067,337,20,35
HR3,13783,1716,90,68
ME20,3275,424,27,46
PA77,125,43,2,5
HS3,131,70,5,2
DE15,4400,786,19,40
SA69,2123,434,16,27
BH4,828,216,31,22
PA41,557,184,8,15
PA20,313,104,7,6
RG21,1846,89,9,21
HD6,790,171,24,29
PH44,433,176,14,6
TW11,2258,629,33,42
PL15,13703,885,37,53
SG9,11054,590,25,39
CB4,3426,330,40,37
PO32,1152,293,16,23
KY11,4644,423,84,40
SS11,1007,101,7,22
SS15,955,61,6,18
E12,376,64,12,25
LL29,2216,296,25,26
MK3,5409,820,8,21
CT6,3813,348,32,48
SY2,7360,1702,206,27
SR3,1699,122,12,23
WV13,317,45,4,12
DT9,9863,962,29,43
CO16,2862,255,29,36
CO16,2862,255,29,36
CH48,2140,235,29,29
PR26,26526,1411,19,32
HX3,851,169,23,27
WR11,23193,1771,56,51
WR11,23193,1771,56,51
RG24,5804,441,39,46
M18,753,327,13,24
EX7,3115,457,37,43
FY2,4881,937,12,26
PH41,2913,806,39,28
WR1,3837,885,17,23
OX14,7884,948,73,55
BA4,4570,467,25,36
ZE2,14,10,2,1
L19,7334,1495,16,25
CB5,3067,311,30,36
CT11,1424,255,19,35
KA27,951,382,17,9
WN5,16204,1527,46,39
HR8,10306,1534,61,48
TD13,5512,1231,33,28
ZE2,1591,427,36,13
ZE2,1591,427,36,13
TN27,9613,1003,40,52
HG4,10294,1395,87,52
NE20,3159,332,21,33
NE68,1241,254,46,8
EX3,1772,229,19,36
SE20,639,110,11,27
DA17,868,106,12,20
LA6,21076,1880,94,55
OX13,8815,1011,61,52
PA73,1013,196,5,10
AB43,16662,1143,55,51
DE55,12199,1190,49,55
ST2,1233,125,8,21
GU8,15607,1966,97,60
DE56,15052,1128,49,54
IP18,38576,2980,35,37
WS3,1302,168,11,25
SY1,7609,2012,218,27
NN11,6998,903,38,45
SR4,685,194,14,24
FK1,4881,680,41,42
TF9,21907,1679,227,39
IV54,660,348,18,13
RG31,2936,328,22,32
PA34,1292,296,11,13
TS5,1357,211,17,26
FY4,8267,1235,17,29
YO10,1554,209,49,29
YO10,1554,209,49,29
LL42,981,472,28,29
S4,503,217,17,29
GL3,26102,2172,32,40
WF4,4339,398,45,36
SG12,33490,799,44,50
PA77,79,17,3,9
TR18,2208,353,26,30
PA65,1354,448,32,11
G31,914,108,12,19
L25,32596,2053,19,30
NG32,9636,873,66,51
GL1,11400,1420,16,26
GL1,11400,1420,16,26
KA12,4817,548,54,29
TR16,8195,834,33,42
CM14,1511,194,19,26
YO25,12504,526,59,45
NR33,50361,2808,36,36
CV1,454,215,5,13
DT7,2513,777,33,43
SA33,15316,1233,69,52
GU10,13081,1819,90,61
RM8,668,56,3,18
SY23,23966,2118,93,67
TN34,3673,686,33,35
IV27,4477,727,73,21
ME3,8097,702,44,56
IP6,56158,3024,41,42
GU2,3124,157,20,36
LN8,10262,758,58,48
KT22,4579,683,54,53
CW8,7064,476,60,39
CW8,7064,476,60,39
GU11,4097,194,24,36
GU9,5203,781,29,45
SM1,2815,144,15,27
PA14,1060,198,14,25
RG12,6470,470,22,36
CT4,13880,1167,51,55
B32,9212,992,8,23
DN37,2043,288,27,35
TR12,17010,2251,144,64
KT2,1698,172,20,35
EX39,2468,489,61,20
CO10,93604,3377,63,55
PA49,2207,402,11,29
CM2,5296,374,29,40
HS6,1052,147,5,14
WR6,37575,2002,110,54
TW4,647,101,10,27
BN11,1419,88,22,25
EN2,5115,313,20,31
LN6,8885,565,54,45
G72,1961,268,17,29
KW14,12856,2143,168,60
TN37,3573,819,31,32
S41,5102,660,21,41
TQ12,11059,708,71,60
SA12,3191,521,31,37
WF1,1264,160,20,28
N15,413,80,9,23
B69,2913,521,5,18
BD20,4931,520,38,40
HU19,442,141,17,21
DD7,1730,322,73,37
SA5,3093,611,28,37
L4,2060,554,8,22
PA73,8390,1173,37,22
NR14,12962,1154,99,56
BB1,37444,1577,23,27
YO26,5124,383,40,40
EX8,4846,950,51,47
S10,4994,450,51,44
PA61,8392,285,15,28
M14,3110,581,23,27
AL3,15886,813,25,54
M13,589,303,13,19
W3,793,65,10,23
IV55,7673,1331,98,34
BH1,806,120,20,26
PA31,610,325,8,11
DD4,1574,310,76,26
PA31,26279,2650,263,58
HR1,8210,717,44,48
HS6,1909,355,28,30
TR4,7388,895,48,43
BL3,3615,600,20,32
CF10,3036,394,55,30
PA42,3277,644,26,33
WV10,2208,166,14,29
IP10,155663,3382,32,37
CV35,14163,1373,53,49
WF2,2254,259,25,25
SW18,1908,98,19,34
SO16,7537,439,30,46
ZE2,5473,586,45,23
PO38,7607,984,77,58
BN2,3621,519,63,47
SA72,4297,675,39,28
GL4,34918,2442,38,41
SN2,1400,102,18,28
KA7,2537,263,108,30
BS16,72177,2135,31,43
IV56,1747,437,25,27
NR29,23904,1644,185,62
E8,9,5,4,3
SE2,1,1,1,1
GL2,246,91,1,4
ME14,14,13,1,4
GL14,103,54,0,4
LA1,163,123,2,4
NG70,508,57,2,8
BS24,5147,446,2,8
FY7,506,270,0,5
IV5,26,9,1,3
LL55,30,30,2,2
ML8,24,12,2,4
BL4,80,46,2,8
BS0,34,27,1,1
CF99,22,21,7,3
IV3,63,39,1,4
IV53,14,11,3,4
NG2,378,20,1,5
SA72,28,28,1,1
TR21,64,34,2,1
LN12,1,1,1,1
SE12,10,8,3,4
SS9,5,3,1,3
TN2,66,40,2,5
CT50,15,10,1,7
SS1,5,3,1,3
W2,334,35,1,5
LE1,162,40,2,11
S98,31,21,2,6
SN16,1,1,0,1
B25,284,177,1,1
CF23,32,9,1,1
GU33,23,13,2,7
L75,281,142,3,6
LE3,249,96,2,15
SG5,479,86,1,8
YO91,91,59,8,9
BN99,5,3,1,3
G73,124,33,2,5
GL17,655,103,3,12
L69,740,257,4,6
RG28,3,2,1,2
SE26,187,10,1,8
SW3,16,15,2,6
SY12,860,338,11,4
SY4,340,148,16,9
BL78,227,152,5,10
DH98,22,8,1,2
GL6,748,333,3,9
HR1,16,13,2,4
L70,2129,504,7,8
LL24,37,37,3,4
LL55,23,23,1,1
M60,42,35,3,3
NE26,60,11,1,1
NE83,10,4,1,5
RG1,2,2,1,2
SW95,5,3,1,4
W12,28,7,1,5
WR99,852,352,3,8
BH19,4,4,2,3
BS4,1184,328,1,6
CR6,50,23,2,4
CR7,120,13,1,6
EH2,232,202,4,8
EH52,148,136,1,4
G82,51,17,1,3
HA3,11,11,1,4
HU9,42,27,6,8
IV99,74,46,8,10
LL77,1,1,1,1
LS98,7,5,1,2
MK42,414,98,2,12
N8,7,5,1,6
NN2,36,13,1,2
OL95,49,39,4,3
PE2,63,34,2,7
PE9,35,22,2,9
S2,32,32,2,5
S9,32,32,2,5
SA1,157,94,5,4
SK5,270,55,5,5
SO18,53,32,3,7
SO31,5,2,1,2
TF2,113,72,4,5
TW20,356,242,1,6
UB8,230,125,1,5
WR4,593,317,2,5
YO14,73,53,5,5
NR5,157,71,4,5
CM9,427,64,1,5
CO1,6,3,1,4
DA10,46,40,1,8
DA11,15,10,4,5
IP23,510,320,0,4
ME11,3,2,1,2
S96,31,21,2,6
CM6,59,13,1,8
DA17,8,6,1,4
BR7,11,4,2,4
CM99,17,7,1,6
IP10,564,392,1,3
ME11,3,2,1,2
SS22,163,120,2,8
CV1,233,224,1,4
LE5,162,40,2,11
M99,57,47,6,5
PO14,27,19,3,5
NE16,35,20,2,5
PO13,5,3,1,3
RG27,2,2,1,2
BN52,9,4,1,5
CR44,71,25,2,6
DN19,35,15,1,5
G3,95,35,1,5
RG19,2,2,1,2
WD5,733,158,2,6
WR99,923,467,1,3
BN88,17,9,2,5
CH34,2,1,1,2
CR90,120,13,1,6
DE75,126,94,2,13
DH97,18,9,2,6
EH1,232,202,4,8
HU10,27,18,2,5
L70,739,256,3,5
LD7,23,16,1,2
LS88,4,3,1,1
NE28,60,11,1,1
NE36,1,1,1,1
PL2,59,28,2,10
PR2,8574,971,4,9
PR6,1394,444,3,9
RG42,8,5,2,6
S60,21,7,1,5
SA48,8,3,2,3
TW7,20,12,3,10
W9,6,3,2,4
WA4,76,50,5,8
AL5,27,25,1,2
B2,1,1,1,1
B99,1,1,1,1
CF95,1879,174,10,7
CR9,62,22,1,9
DH98,4,2,1,3
E1W,304,36,1,5
EH6,29,25,1,5
FY5,774,274,0,5
G69,124,33,2,5
HU4,15,15,3,4
L67,570,185,4,7
LE41,325,68,1,13
LS26,2,2,1,2
M45,156,118,5,9
M60,69,59,6,9
NE31,1,1,1,1
NE40,35,20,2,5
NE82,4,2,1,3
RG45,4,3,1,3
SL60,24,17,2,6
SO25,62,42,3,9
SW1A,9,3,1,4
SW95,9,3,1,4
TQ1,16,9,1,5
WV12,1,1,0,1
AL7,985,95,2,9
BB94,514,219,0,6
CA95,22,7,0,3
CF30,2,1,1,1
CH26,7,2,1,2
CH29,69,46,2,8
CH30,596,58,1,9
DY12,880,364,2,6
EC2P,4,3,1,3
HR7,5,5,1,4
L68,309,185,6,7
L75,407,188,3,5
LE95,90,33,2,12
LS88,7,5,1,2
M60,41,34,3,2
MK41,414,98,2,12
MK44,414,98,2,12
MK45,414,98,2,12
NN7,36,13,1,2
NW8,7,5,1,6
PA3,20,10,2,5
S98,31,21,2,6
SL95,93,86,1,5
SW20,424,49,6,10
WF16,1,1,0,1
WF90,18,10,2,5
WR99,593,317,2,5
WS14,17,8,0,3
CO12,307,198,1,3
IP10,1681,377,1,3
SS99,89,16,5,11
IP9,10074,597,1,4
TN2,135,56,9,13
ME3,14,6,1,2
CM92,95,57,1,7
IG8,75,6,2,4
IP98,276,230,0,6
L69,407,188,3,5
L70,1342,581,2,9
RG42,64,20,1,5
DH97,22,8,1,2
EC50,9,8,2,4
M60,41,34,3,2
M60,176,103,10,10
PL95,71,39,2,11
RG26,3,2,1,2
SA99,19,16,4,2
SN38,17,9,1,7
B77,23,14,1,8
BD13,1,1,1,1
BH18,260,184,3,9
BN88,20,11,3,7
CH33,32,13,1,5
CR8,56,19,1,7
EC3P,3,2,1,2
EH20,112,56,2,8
EH95,48,19,3,6
GU32,38,17,2,7
HS7,15,5,0,2
M60,73,61,7,10
SM5,422,25,3,12
SO97,328,45,3,7
SW1P,9,3,1,4
SY99,904,489,48,12
YO90,53,48,7,9
AB99,76,54,2,10
DL7,31,31,1,1
E98,5,3,2,3
G9,95,35,1,5
HA2,11,11,1,4
L69,288,143,5,7
MK77,20,12,0,8
N15,6,1,1,1
N6,14,4,1,5
N81,4,2,1,3
PR0,4819,787,4,9
RG1,39,29,1,7
SA15,32,17,2,2
SE11,10,4,1,4
SO40,236,49,2,8
SY1,300,217,14,10
BH1,40,38,2,4
CF43,6,5,3,2
CH27,8,5,0,5
HP15,983,477,1,7
L75,281,141,2,6
LE1,142,59,1,13
LE87,59,30,1,8
LS6,17,17,2,3
N13,182,25,2,8
NE17,9,3,1,4
NW26,1,1,1,1
PH33,139,105,4,6
S49,177,128,3,9
S98,32,32,2,5
SA3,447,195,5,4
SA80,193,117,5,3
SN38,2,2,1,2
ST55,17,4,2,3
SY6,170,116,4,3
B2,21,21,1,2
BN88,17,9,2,5
BS4,98,88,1,1
CA1,14,12,1,5
CH27,727,160,0,4
CH32,7,6,2,6
CR9,81,14,3,5
CR9,230,14,3,5
CR9,213,19,1,9
CR9,39,9,1,5
DH99,19,10,3,7
EC2P,3,2,1,2
EC3P,3,2,1,2
FY6,725,323,2,7
G70,7,6,3,6
L70,1556,374,5,12
L75,739,256,3,5
LE11,145,33,1,8
LN5,90,23,1,8
N7,14,4,1,5
NE82,163,10,1,7
NE88,7,4,1,5
NN16,145,26,0,7
OX3,19,9,2,6
PR11,1022,418,2,6
S96,33,13,1,4
SA9,21,21,4,3
SK2,270,55,5,5
SK7,270,55,5,5
SL0,93,86,1,5
SN15,40,8,0,6
WA88,378,117,3,12
CO12,12,5,1,2
IP33,2100,549,1,6
CB10,41,14,2,11
CO12,380,220,1,3
ME6,66,50,1,12
ME99,94,86,2,9
DA12,44,33,1,4
MK10,466,248,0,9
RM20,26,18,2,6
RM9,1,1,1,1
TN11,16,12,2,9
SE1P,4,3,1,3
BN88,106,59,2,10
CH28,6,3,1,4
KY99,15,8,2,4
DE99,286,180,2,11
PA7,22,12,2,5
W10,26,5,1,4
BL11,37,25,5,3
CH88,17,9,1,4
DL98,2,2,1,2
DN33,4,2,1,3
IV1,89,49,4,9
IV26,15,4,1,2
L73,36,19,3,5
LE87,167,43,3,12
M99,50,44,6,5
N4,6,1,1,1
PL1,59,28,2,10
PR11,4819,787,4,9
SE16,5,3,1,3
W1A,5,3,1,4
IV52,1,1,1,1
L29,2145,504,4,11
L70,510,204,3,8
L71,407,188,3,5
M60,107,55,7,6
NE85,59,22,2,5
PA31,1,1,1,1
PL28,221,98,2,5
RG24,612,51,1,11
SK4,270,55,5,5
SR9,33,16,1,3
SW13,12,4,2,5
TQ14,131,31,1,9
W12,28,7,1,5
WC2R,1,1,1,1
WD4,733,158,2,6
CA99,14,12,1,5
CH99,39,25,2,4
CR9,36,6,2,3
CR9,36,6,2,3
DH99,32,9,1,3
DN55,61,35,3,4
EX3,32,19,2,6
HP27,60,44,2,7
IV11,39,9,7,3
LS9,4,2,2,3
M60,148,76,8,7
M60,50,44,6,5
NN16,172,41,0,7
PO12,22,17,2,2
TF13,386,245,5,6
TS19,39,22,1,1
B21,10,8,1,3
BL78,37,25,5,3
BN16,21,13,2,8
BS98,316,211,1,3
FK2,25,10,1,3
HU5,15,15,3,4
KY14,17,6,2,3
NE69,53,42,2,4
NE85,160,8,1,5
OX16,46,19,2,5
PL1,156,36,2,8
S49,566,262,5,15
S97,33,29,3,5
SN2,13,7,2,4
SR5,2,2,1,2
TF10,113,63,3,7
W1D,5,3,1,4
WV6,15,14,1,3
ME4,8,4,1,2
CO12,73,67,1,2
DA12,10,5,1,2
TN35,87,72,2,8
CM1,17,7,1,6
IV25,37,21,2,5
G70,9,7,0,4
HP20,222,148,1,7
L72,1132,343,2,12
EC1P,4,3,2,3
BN99,312,46,1,8
E98,5,3,2,3
HS7,15,5,0,2
RH77,20,11,1,3
WA8,49,23,3,3
BH1,2,2,2,2
CV4,230,223,1,4
E9,9,5,4,3
HU4,27,18,2,5
NE98,62,56,2,7
SA72,24,24,1,1
TR24,81,47,2,1
WA55,60,44,3,7
BN50,21,11,3,7
BN50,17,9,2,5
BN99,47,10,1,5
BN99,23,9,2,7
EC4A,1,1,1,1
EH7,499,152,4,7
EH91,443,178,19,7
G90,4,2,1,1
M99,50,44,6,5
PR2,3920,666,3,8
CR9,36,6,2,3
L71,729,255,4,4
LS98,1,1,1,1
LS99,26,19,2,7
PL11,22,12,1,4
PL9,52,18,2,10
SK22,152,130,2,13
ST55,9,4,2,4
ZE1,6,3,1,3
DN15,16,10,0,6
EH99,499,152,4,7
G79,119,12,1,2
IV53,126,100,1,3
IV54,2,1,1,2
NG18,3,2,1,1
PA3,116,60,2,6
SA72,28,28,1,1
SA72,96,63,2,1
CB1,305,108,9,10
CO12,307,198,1,3
SS99,5,4,3,4
ME8,58,47,1,6
DA7,193,7,1,3
IG5,43,12,1,5
EC50,4,3,2,3
CF47,116,88,8,5
NE37,10,7,1,6
W1A,3,1,1,2
BD98,6,5,2,6
BL8,25,24,3,4
CR9,36,6,2,3
IV40,23,11,2,6
LS1,16,12,3,4
PE8,31,20,2,7
S1,27,8,2,5
EX32,73,55,2,8
GL13,178,77,1,4
GU95,48,28,3,14
PA21,21,12,3,3
RG41,16,9,2,8
TS2,17,17,1,1
CR9,15,4,1,1
L69,739,256,3,5
L75,281,141,2,6
LE55,224,59,0,10
NE92,4,2,1,3
PA34,6,4,0,4
PA69,6,5,1,3
TQ12,124,28,1,7
BD98,20,17,3,8
CR9,108,12,2,7
FY0,750,322,3,5
GU22,316,78,9,16
HX3,4,3,1,2
LE94,148,45,2,10
M17,253,155,4,10
NW1W,230,40,3,9
S1,53,39,2,6
S10,8,8,2,3
SN99,16,16,1,2
W1A,5,3,1,4
WA7,57,36,3,4
WD99,673,115,2,6
HS8,25,11,0,5
L72,309,185,6,7
ME9,28,12,1,3
SE18,6,6,1,1
NE36,47,12,1,3
M60,41,34,3,2
N81,110,41,1,5
G90,95,35,1,5
NG80,14,10,4,5
CF11,29,25,9,5
CH99,23,9,1,6
DE1,280,145,1,7
IV40,51,45,4,7
KW17,3,3,1,1
SN38,17,6,1,5
SO53,646,70,5,12
WS12,126,16,1,6
BN16,676,82,2,9
BS36,1532,89,1,5
IV23,1,1,1,1
LE55,162,40,2,11
M60,41,34,3,2
PL28,126,77,2,5
CF91,5,5,4,3
CH70,28,23,1,3
G58,364,127,2,6
HU14,27,18,2,5
KT2,18,12,2,8
LL35,101,6,1,1
PO11,21,10,1,3
BD97,12,11,1,3
CH42,111,96,1,7
E77,304,36,1,5
IV2,917,95,3,6
NG80,435,51,3,10
SO14,155,47,1,6
WC1R,4,4,1,4
RM18,2,2,1,2
TN4,332,170,2,17
IP98,514,320,0,4
CM98,4,4,1,3
G1,33,13,3,5
BL78,84,74,2,9
S2,33,33,3,6
CR9,36,6,2,3
LL40,1,1,1,1
PO2,1,1,1,1
PR6,2013,685,4,11
RG14,72,40,1,6
SN38,4,3,2,3
DT3,162,151,1,8
IV26,9,9,2,3
L2,739,256,3,5
LS8,12,12,2,2
NP19,97,75,7,7
PA66,89,86,2,3
SE15,105,13,1,5
LE21,162,40,2,11
NE99,6,4,1,3
SN38,14,8,2,5
W1C,3,1,1,2
SS99,8,5,3,2
PA63,14,13,2,2
PA76,48,13,3,7
AB25,1517,207,10,14
LA13,42,28,2,3
SE1P,5,3,1,3
SN38,20,18,2,6
TR25,108,62,2,2
YO23,46,27,2,10
M60,73,62,7,12
TN26,97,72,2,9
NR99,65,50,5,8
WV98,2123,655,2,8
W1F,5,3,2,4
NR30,2694,664,28,14
NR23,187,102,10,10
BD2,9,3,1,4
CR9,92,21,3,8
G68,10,5,0,3
IV52,91,49,4,9
PL11,257,187,2,5
WV99,267,105,8,4
AB31,939,325,5,15
CA7,42,18,1,3
DG2,48,31,1,4
RG40,16,9,1,7
S95,402,74,4,13
SA14,12,12,3,2
SE13,157,60,3,11
W1H,3,1,1,2
PA37,664,243,7,10
PA64,7,3,3,4
RM19,135,80,4,8
WC2E,1,1,1,1
IV22,53,44,2,2
N1P,14,9,3,10
TA8,525,70,1,5
BS99,98,88,1,1
CO12,12,5,1,2
KA30,31,15,1,3
TN25,948,226,12,23
DG1,243,113,1,9
CR9,47,26,2,7
TQ8,55,13,2,8
CH25,114,109,2,6
HS4,1,1,1,1
PL28,147,95,3,5
W1C,3,1,1,2
CR9,416,59,1,9
NW1,3,1,1,1
PA22,2,2,1,2
RH11,16,7,1,4
TA9,525,70,1,5
BS22,817,187,1,4
PH32,1132,402,46,30
WC1V,1,1,1,1
IP9,3877,765,3,6
IV40,230,153,5,8
ZE1,14,6,1,3
CO5,57,42,3,4
ME9,89,57,2,10
LA13,98,46,3,6
LL30,97,69,4,6
ZE2,36,36,4,3
NE30,54,45,2,9
SY11,1458,440,22,10
FK7,76,21,2,4
PA36,4215,901,33,22
SA14,13,13,3,2
WF13,14,6,2,3
HS8,12,5,2,3
LA13,51,35,3,3
TR24,64,34,2,1
HS3,2,1,1,2
PH31,1948,600,42,33
HS6,48,42,5,5
NE13,65,22,2,8
PO16,212,107,2,8
W1J,73,31,5,8
BH20,1,1,1,1
PA68,137,137,1,1
TR21,226,114,2,3
NW10,4,4,1,1
PA30,42,31,2,5
S6,3,2,1,3
TR12,454,243,5,8
ZE1,1,1,1,1
M60,50,44,6,5
IV40,53,28,3,8
OL1,524,210,5,9
WA7,23,21,3,2
BH15,65,24,4,6
LA19,3,2,1,2
PA27,25,15,2,2
IV53,49,45,1,3
EH35,408,196,8,19
NG80,42,13,5,6
PA27,114,69,5,4
CR9,36,6,2,3
PH19,1599,588,43,39
WR7,462,318,4,7
IP9,11627,817,2,6
L24,5,2,0,2
PH49,67,56,6,5
PA65,161,32,3,9
PH37,2150,455,40,23
PA3,81,43,2,6
LL76,2036,509,28,22
IV6,27,10,1,3
ME9,21,4,1,2
DA11,2,2,1,2
PA80,43,20,2,7
BH13,39,36,11,10
PH23,2972,660,93,46
EH43,859,336,49,23
EC1V,3,2,1,2
SO31,10,6,3,5
M1,119,98,8,11
CO5,5,3,1,2
M17,96,51,4,7
PH24,10143,1588,115,57
PO20,48,13,2,6
LA8,134,63,3,4
CM0,9,7,1,3
ME3,28,7,1,4
PA34,22,16,4,7
HS7,3,1,0,2
PA31,22,16,4,7
EC1A,13,8,3,8
KW11,3246,661,54,32
DG7,141,23,2,5
PH38,17,9,2,4
CM3,448,66,1,5
SA73,12,11,1,1
EH36,1020,296,14,22
IV47,43,30,3,6
WA8,86,45,5,5
CF64,7,6,4,2
PL11,97,87,1,6
PO20,60,15,2,6
KY14,56,16,2,5
TS25,275,86,2,4
M60,55,46,6,5
CH6,22,18,2,4
PH36,143,96,4,3
SA36,915,287,5,11
W1S,7,4,2,5
EC2R,5,4,1,4
IV28,3187,1054,60,31
SA73,982,307,11,5
GL2,629,135,1,4
IV56,17,9,1,4
HS3,8,4,1,1
PA48,5,4,0,3
IV25,59,26,3,7
IV49,195,191,7,9
PR2,7826,909,6,11
IV19,21,10,2,5
W1D,5,3,1,4
PA32,25,15,2,2
FK20,2909,796,44,29
PH33,25,17,3,3
PO11,82,14,2,4
PH21,14549,2104,236,71
PA45,3,2,2,2
IV47,263,182,5,6
DA9,66,32,3,7
PE35,1705,322,18,18
PE37,436,91,6,14
PA38,253,210,11,7
EC1V,3,2,1,2
FY5,500,222,0,8
TA6,47,20,3,6
PA76,109,13,2,6
CR9,36,6,2,3
E5,95,48,1,8
PA25,170,75,10,5
ZE1,228,48,2,3
PA32,387,64,2,2
BH15,237,159,20,12
FY6,294,177,2,6
PA32,196,181,7,7
PO11,87,12,2,4
SW3,1,1,1,1
TA15,1451,388,14,17
PL10,537,169,15,3
LA12,226,128,5,3
LA14,60,37,3,4
PA63,110,85,2,7
W1B,5,3,1,4
PA20,445,76,4,4
FK11,441,78,5,14
KA14,205,63,3,10
PH17,4128,1002,77,47
PO10,65,28,2,5
B40,783,499,2,7
ME3,14,6,1,2
IP12,46629,1642,3,6
IV13,2671,516,74,39
IV40,455,261,11,14
IV41,367,203,10,14
LA3,280,202,2,6
PH4,1586,191,25,20
PO9,149,37,1,4
PO12,74,27,2,2
N19,72,25,2,6
GL13,673,180,1,5
IV52,53,28,3,8
CV4,13,4,1,5
EH40,2899,669,15,25
LL78,4338,1100,49,28
TR25,64,34,2,1
CO7,34,15,2,3
TA16,256,37,2,11
PA34,63,59,4,5
PO11,51,20,1,3
HS3,1,1,1,1
PO20,45,26,4,6
RM17,26,18,2,6
TR8,260,175,8,6
FK10,19,7,1,2
TR24,196,79,3,1
PE34,61,9,1,2
PA34,41,35,5,4
ST17,575,218,10,22
FK13,769,197,17,20
TR21,202,86,4,1
PH6,3438,561,136,41
PO40,11,6,1,3
UB11,244,53,1,8
IV54,126,64,2,4
LL35,65,58,8,9
SS8,35,9,1,3
HU20,431,147,4,13
HS7,30,8,0,5
KW12,3173,669,52,33
TS2,84,45,2,3
DG12,10,4,1,2
CM0,36,11,3,4
GL2,721,231,0,7
PH20,7502,1225,151,48
CA24,127,51,4,14
L69,1362,349,7,9
FY7,507,271,0,6
LL32,5,5,1,2
IV49,107,91,7,9
KA16,486,176,8,17
KW15,1,1,1,1
W1U,52,24,2,8
KA17,959,451,15,24
LA7,82,71,4,5
WC1X,4,4,1,4
L69,3913,710,8,13
IV14,9702,1860,157,48
DN15,20,8,0,4
TR5,89,69,2,1
FK21,16801,1663,157,39
LL49,424,53,10,9
KW16,12,10,2,3
NP20,25,15,3,3
LL27,1592,412,31,34
PA34,115,69,5,2
PA66,3,3,2,1
PA66,5,4,2,2
PL9,1807,351,58,10
PA42,4,4,2,2
PA68,967,136,4,3
TR25,74,36,3,1
KA27,13,9,2,3
TR19,39,22,2,2
DG10,10464,976,125,47
LL35,65,15,1,3
ZE2,36,30,2,1
FK19,3276,792,124,34
IV44,127,102,5,6
PA28,19,7,2,3
EH39,8,3,2,2
LA13,3,2,0,2
PH39,111,70,4,4
PH41,90,60,2,4
PA80,297,142,5,9
PA73,71,28,1,5
PA77,7,6,2,2
PH41,88,74,2,5
TR25,32,32,1,1
KW17,1,1,1,1
L24,13,4,0,2
SA62,19,18,3,3
SA62,6,6,1,1
HS6,8,8,1,1
KW17,1746,170,2,2
HS2,145,38,2,2
HS9,7,2,1,1
HS6,15,10,2,2
LA13,3,2,0,2
ZE2,4,4,1,1
PA34,23,8,3,3
PA78,156,72,3,3
ZE1,125,77,3,2
PA31,6,4,3,3
PA66,2,2,2,2
TQ1,444,226,11,6
TR27,2,2,1,1
FK16,1973,275,58,28
HS5,5,5,1,1
IV47,2,1,1,1
ZE2,1,1,1,1
KW17,7,5,3,2
PA66,1,1,0,1
TR22,30,1,1,1
ZE2,122,72,6,1
PA21,16,10,0,3
PA34,90,72,4,4
PA41,10,7,3,4
PH38,30,22,3,3
ZE2,516,60,1,1
IV26,1,1,1,1
IV54,12,6,2,5
KW17,5,5,3,1
ZE2,1,1,1,1
HS6,1,1,0,1
IV21,103,60,3,2
PA31,87,41,2,6
PA41,12,10,2,6
PL28,5,5,1,1
TR23,210,79,4,2
EH29,1783,454,17,29
HS9,3,2,1,1
IV21,22,12,3,5
IV27,2,2,1,1
PH39,11,8,2,4
PA67,12,8,2,4
PA76,56,53,2,5
PA34,27,25,3,3
ZE2,26,26,3,3
PA76,98,72,7,8
HS5,2,2,1,1
HS6,11,6,2,4
IV27,1,1,1,1
IV27,5,4,2,3
KW17,9,5,0,3
PA34,1,1,1,1
KW17,10,5,0,2
CF64,206,104,19,10
IV48,130,108,5,6
ZE2,1,1,1,1
HS6,397,148,3,4
PA61,17,6,1,3
PH44,15,6,1,2
TR19,95,81,1,4
TR23,93,58,3,1
ZE2,6,3,1,2
ZE2,28,27,2,3
CH48,24,10,1,5
HS9,5,5,2,1
KW17,11,8,3,3
LL58,839,261,17,6
TR22,42,1,1,1
ZE2,12,5,1,2
PA60,1,1,1,1
PA73,140,139,3,3
HS2,3,1,1,2
KW17,40,38,3,2
LL69,195,111,7,11
PA34,57,39,3,6
PH41,1,1,1,1
SA62,1,1,1,1
TR22,73,40,3,5
EH39,9,3,2,3
FY8,37,16,1,3
KW17,7,7,2,2
PA34,49,40,4,4
PA38,68,45,5,5
PA66,7,7,1,1
PA68,12,10,2,3
AB36,7321,1073,85,42
CR9,62,8,2,5
HS6,127,64,2,2
HS6,6,6,3,3
HS6,1,1,1,1
HS6,8,4,0,2
LL64,53,40,4,5
LL65,529,262,8,4
PA34,1,1,1,1
ZE2,10,5,1,2
BN45,1044,427,31,25
HS3,8,4,0,2
HS6,320,181,6,5
HS6,7,7,2,1
IV51,57,34,5,3
LA12,120,112,4,3
LL65,15,15,2,2
NE68,72,61,4,6
PA32,295,93,6,8
PA34,10,7,3,3
PA67,15,11,2,5
PA78,270,117,6,5
PL27,146,130,5,8
TR22,60,1,1,1
IV21,191,112,3,10
PA28,66,40,4,5
PA34,108,63,10,7
PA61,3,1,1,2
PA66,2,2,2,2
SA62,837,267,19,6
EX8,713,152,17,17
LL65,72,59,1,1
PA34,8,4,2,2
HS8,40,13,2,7
NE65,34,30,1,2
TR24,319,180,8,4
PA70,16,8,2,3
TR19,371,179,11,5
PH38,1,1,1,1
HS7,12,3,0,2
SA62,7,7,1,1
LL53,96,58,6,2
TR2,45,35,5,4
ZE2,6,5,0,2
EH34,2612,653,27,33
PH39,17,11,2,4
ZE1,15,7,3,3
DG4,1910,415,54,27
EH4,52,51,3,5
HS8,2,2,1,2
IV22,34,15,2,5
LL68,3,3,2,2
PA31,1,1,1,1
PA34,24,16,3,6
PA61,4,2,1,3
HS3,11,10,3,2
PA21,7,6,0,1
PA34,19,10,4,4
HS2,8,3,0,2
HS3,231,77,1,1
ZE2,618,139,3,2
TR23,226,114,2,3
B71,531,136,1,7
KA10,5,5,1,1
PA47,87,35,0,4
ME3,14,6,1,2
PA75,18,13,3,5
LD5,4650,832,36,39
PA63,264,110,4,8
L29,7379,862,11,26
NE17,454,119,4,18
SY19,2311,504,31,26
HS5,1,1,1,1
SA71,35,35,3,3
LL68,2236,311,20,22
ME7,17,13,2,5
KA25,794,232,9,18
KW17,4,2,2,3
PO3,126,45,2,5
HS2,134,78,6,3
PH38,85,76,3,3
IV27,42,27,2,3
NR22,1323,163,8,18
IV26,3,3,2,1
W1B,5,3,1,4
CA9,5496,598,21,27
FK2,647,67,1,4
HS6,27,5,2,5
KW17,71,65,2,2
TR17,308,205,9,7
PL9,924,219,28,5
IV52,11,3,2,2
AB35,51749,4387,414,77
PL1,46,39,2,7
KW17,14,10,4,3
ZE2,3,3,2,1
NE41,1990,223,8,28
PH41,24,23,5,4
HS9,71,68,3,3
LL23,3984,755,61,41
SN26,260,81,6,13
LL66,1008,258,15,18
ZE2,20,11,2,3
LL41,8163,1230,63,44
PA60,10,6,4,4
PH26,11528,1959,221,67
PL13,27,17,7,7
SP9,1462,275,38,30
TR25,316,111,4,1
HS7,3,2,2,3
HS3,1,1,1,1
HS6,87,55,3,2
IV27,31,28,2,4
LL54,125,92,5,3
HS7,22,9,0,5
IV26,24,24,3,1
IV51,17,13,4,4
IV27,40,28,1,1
LL25,449,279,16,22
CA26,522,78,6,16
HS6,26,17,3,4
IV55,17,17,1,1
DA10,526,221,5,21
EH46,3878,516,48,35
DG7,47,28,1,6
LA21,4960,598,42,35
ME6,2446,312,16,37
BH31,7244,530,54,35
TD2,3766,583,41,32
LL53,311,142,12,4
IV27,17,16,4,4
IV51,33,32,2,2
TR23,253,80,5,3
S33,11313,1329,73,60
HS2,741,85,4,4
ME8,98,52,1,6
NP24,369,241,14,11
TD4,2807,325,44,30
ZE2,5,5,2,1
PA31,13,8,4,3
ZE2,4,4,1,1
HS6,10,10,2,2
PA37,437,355,4,9
SO52,1906,202,17,31
PE16,1397,217,15,30
CR9,88,14,4,8
PA31,144,52,2,2
EH39,285,110,10,3
LL73,1231,361,22,19
LL51,5229,602,40,29
SA70,350,171,4,3
TD10,2406,637,23,20
IV40,288,180,3,6
SG10,1254,238,8,25
DN15,26,17,2,5
TA14,734,227,9,22
FK17,5981,753,232,44
KW15,6,6,2,2
PE5,902,214,13,22
PA31,944,351,15,10
M90,1178,288,3,16
TR22,2662,670,28,24
EX39,565,104,1,11
LA2,1774,547,5,9
PH18,7890,1240,147,54
KW17,6,6,2,1
TD3,3203,784,48,30
ZE2,4,4,3,1
IV49,12,10,3,5
IV27,48,45,1,1
BS27,4536,598,24,43
ZE2,4,4,1,1
HS6,1,1,0,1
HS5,174,60,2,2
ZE2,12,10,2,3
CV7,1183,476,4,14
PA31,7,6,2,2
HS8,5,5,2,1
PH39,5,5,2,1
IV27,182,105,4,5
PA34,7,6,5,3
PA61,17,10,1,5
ZE2,23,23,1,1
IV51,147,71,6,3
LA15,621,166,7,13
IV54,114,87,8,9
HS2,6,3,2,3
HS9,6,5,3,3
ZE2,38,30,2,1
HS8,1,1,1,1
DG6,229,128,4,8
AB44,1670,321,10,20
EH44,2551,520,77,35
PA29,38,23,3,6
IV49,5,4,2,3
IV51,7,5,2,1
IV56,7,5,2,1
KW17,3,3,1,1
HS2,1048,144,2,4
HS6,9,9,1,1
KY3,22,16,3,5
ZE2,3,3,2,2
NE44,1105,162,4,17
IV55,6,4,3,2
PA34,174,105,8,7
HS2,92,41,7,2
ZE2,8,4,2,1
BA16,3732,913,20,29
ZE2,9,7,3,3
AB13,2447,255,91,27
ZE2,2,1,1,1
DG13,2834,549,149,34
DN39,831,145,5,20
PA60,44,19,3,6
HS8,548,118,2,4
PO20,44,18,2,5
PA34,51,46,3,5
WV7,3236,761,66,19
SG15,21915,373,7,34
ML7,948,214,11,18
CA17,3773,630,61,41
CO8,7457,1438,23,35
TN7,11655,388,22,40
LD6,9155,1772,53,46
ST12,934,119,7,15
TR17,1424,431,33,21
EH28,2926,556,29,32
TR22,57,31,2,1
EH45,7249,949,193,52
DN14,97,31,3,5
PA33,4193,1202,69,34
IV54,12,11,4,4
IV27,39,33,6,10
PA32,731,192,11,6
ME9,251,44,2,9
PA12,3445,399,26,33
KA22,14,13,0,3
KA4,1571,98,5,15
AB37,13783,1420,115,53
IV55,60,45,3,2
B50,2551,717,11,33
CF33,4968,712,92,42
HS5,19,16,2,2
PA9,1155,228,11,24
TS14,4364,371,16,27
RH18,4850,308,20,39
PA34,107,74,3,6
E20,63,24,9,13
NE71,5515,735,31,34
KA28,115,62,5,7
KW10,3824,666,52,34
LL38,612,276,14,19
W1D,5,3,1,4
ZE2,3,3,1,1
EH20,967,371,16,24
PA38,356,213,14,8
PA13,4727,527,28,31
CA12,9065,1567,71,46
CF34,7708,706,25,29
ME13,144,52,3,11
B2,175,49,4,7
CA18,244,81,5,7
IV5,1833,454,59,27
PH12,1957,422,84,21
OX39,2510,554,18,33
PA60,156,150,4,6
ZE2,17,11,2,3
IV26,66,45,6,6
NE45,2171,230,16,28
PA31,12,7,3,3
IV63,11376,2466,208,51
HS6,56,27,4,8
PH39,18,6,1,3
PA11,1765,231,9,17
GU20,1393,90,15,19
PE27,3528,376,33,38
TR8,278,128,6,2
N7,532,80,12,17
PA31,5,5,1,1
SY18,3275,563,33,39
BN44,3172,313,34,41
GU19,2895,365,19,26
EC2R,4,3,1,3
HS2,3,1,0,2
TD15,16,8,2,4
TF12,7842,1131,121,27
PA31,43,36,4,3
PA72,2031,296,11,9
PA34,3,3,1,1
SG17,24790,977,26,46
TA12,1083,109,6,27
GU46,4285,243,30,35
GU18,2053,676,24,24
IV26,23,17,3,7
KW17,245,34,7,13
TA13,1411,137,13,31
SA61,1376,217,9,17
DN38,504,131,11,20
CF42,836,266,23,16
S32,9316,1283,86,57
SG5,5228,428,8,33
DL9,846,287,18,21
TF5,1693,516,27,18
FK15,7035,255,138,42
PA72,235,169,4,8
SW1A,52,33,9,15
ZE2,7,7,1,1
DG7,31,22,0,4
PA17,211,60,5,16
SA35,1311,252,8,15
HS3,268,199,9,12
NG31,2647,334,26,32
HS2,1,1,1,1
HS9,6,6,2,1
IV27,90,62,4,6
ZE2,23,13,2,3
NP8,13700,1322,51,47
IV41,681,327,23,19
PA31,3,2,1,1
GL19,6976,837,9,28
PA60,4,2,1,2
BB18,6143,768,9,20
BS29,8677,1211,7,28
PA47,165,47,0,4
PA32,108,63,5,4
PA66,1,1,1,1
DA18,58,24,3,9
DG14,2768,420,79,26
LA10,3012,447,35,34
HS8,28,27,3,2
HS9,210,54,6,9
PO41,503,106,5,17
EC4R,8,4,2,4
DG3,8208,1068,336,43
HS6,170,81,5,4
IV27,60,33,3,2
ZE2,10,8,4,1
TR24,1843,508,31,23
TQ11,2612,729,36,48
CM21,2035,241,15,31
TR21,5022,844,45,29
DL4,255,120,5,14
RM19,411,171,21,24
PA18,237,126,6,13
HS5,2,1,1,2
IV27,13,6,3,2
TR25,348,143,5,2
ZE2,544,242,8,6
HS3,129,109,3,4
KA15,902,244,16,15
HS5,29,9,3,4
WR12,10556,1556,32,34
IV52,220,40,6,5
SL8,12936,873,11,38
AB14,2662,445,66,32
BS28,2373,263,15,31
LA5,213,132,5,10
LE13,4473,188,19,44
SO43,9768,1096,120,58
EC3A,3,2,1,2
KW17,9,8,3,2
LL60,2274,346,19,26
DG5,517,163,7,13
LL58,4527,933,52,47
TS28,794,164,6,15
SG16,47149,723,11,35
KW2,171,108,11,13
DT5,656,241,30,6
PA34,4,4,1,1
YO15,6651,661,73,34
CM9,212,103,1,3
ME3,2,2,1,1
PE37,1986,276,14,28
LL74,1659,482,25,24
DT1,2245,350,22,33
LL53,253,140,8,3
IV22,29,21,4,5
PA34,4,4,2,2
E1,1112,116,12,18
IV9,234,156,7,11
TD8,5821,883,170,40
EC3V,9,5,2,5
SA37,4295,761,10,23
PA75,347,89,4,8
PA76,28,20,4,3
BA10,1527,251,10,26
HS8,2401,507,27,25
PA44,48,14,2,6
TN20,2787,562,12,27
PA46,209,73,8,10
IV51,112,105,5,7
PA72,233,165,5,6
IV44,226,125,13,10
LL44,613,312,25,23
PA73,98,34,3,8
PH49,601,249,11,11
EC3R,7,4,2,4
NE68,637,178,22,8
SA62,569,176,11,2
SA63,3949,467,13,18
DE74,4651,794,20,48
TR22,83,57,3,2
CA21,267,76,6,21
PE26,4176,477,37,40
ZE2,10,7,2,3
BA8,649,111,7,20
HS6,3175,670,31,19
IV27,2,2,2,2
PA6,1248,300,12,24
PA78,161,93,3,3
DN18,14,8,2,5
GU25,1498,378,12,32
PA63,3901,742,13,12
NR26,11589,2235,87,32
L27,24832,1440,5,17
TR25,2655,620,24,16
SA47,446,237,10,17
EH41,10822,1338,51,40
PA73,280,100,5,10
PL31,1037,229,14,26
L28,3293,853,6,15
HS9,19,17,2,4
HS9,13,9,4,4
LN10,2700,420,35,36
NE42,2091,280,17,30
PH9,3826,700,103,37
SA39,2419,483,16,27
HP9,9428,866,18,38
KW17,26,11,4,4
PH41,357,245,6,7
HS6,71,48,4,6
RH8,2722,206,19,37
IV52,2509,592,39,26
AB38,7313,792,78,37
EC2N,5,4,1,4
KY14,57,24,4,8
KW17,1498,719,34,26
PA61,3,1,1,2
FK14,5312,751,102,40
N1C,266,55,8,17
ZE2,9,6,2,1
GU26,1799,384,27,28
SW16,1947,154,13,32
ZE3,46,18,3,4
B35,446,286,3,12
BA7,448,106,8,17
SG3,2250,246,11,27
EC2V,4,3,1,3
IV48,269,181,17,13
N1,605,70,22,28
SW1A,137,47,13,14
SA62,427,177,13,4
ZE2,3,3,1,1
NE18,1621,213,7,22
BS49,38332,2500,26,36
HS9,574,294,18,18
LL77,3738,834,52,41
PL18,3563,939,20,36
IV26,13,13,2,2
ZE2,407,161,9,8
YO51,1074,262,14,22
PA73,11,4,2,2
PA31,26,5,0,3
SW1E,94,41,6,10
LS23,1747,311,18,29
RH3,3965,707,17,35
BR8,3236,297,7,30
MK46,11932,1294,13,46
TN19,3522,490,24,35
CA16,3947,527,41,41
KY3,12,8,2,2
OL14,9166,1090,31,36
OL5,2857,512,15,27
PA34,198,160,6,8
TQ10,2442,384,15,40
SA31,3149,397,19,32
MK1,2318,450,3,14
KA23,21,21,1,1
IV45,1258,430,52,28
RH15,2931,226,27,44
EC4N,8,4,2,4
SW1H,13,10,6,6
CT8,621,93,6,21
RM15,1507,318,26,36
NE49,5119,690,27,33
ME3,41,12,2,5
BD24,8605,1136,79,40
ZE2,6,5,1,1
CA25,438,71,5,13
BH20,39,36,11,10
OX20,4340,629,29,32
SA64,4915,879,50,30
MK11,3762,677,14,30
PA44,56,21,3,8
EC3N,5,4,2,4
TN18,3004,476,21,37
NE40,1718,160,8,21
KW17,11,11,4,2
OL15,10922,1092,19,36
S74,1077,270,11,24
DN8,4458,588,33,29
CF38,1144,154,22,22
CM24,1061,163,22,36
HS9,41,38,4,3
IV27,54,47,4,6
PO11,2258,310,36,39
S25,1322,277,20,21
ZE2,3,3,1,1
PA71,2116,720,26,18
GU30,4553,471,31,42
EH31,1710,240,24,24
TD12,3669,650,51,43
HS2,203,94,4,2
KW17,16,13,3,3
HS7,14,10,2,3
HS2,3,1,0,1
PH16,11582,2096,307,67
KW16,264,134,7,4
WS6,993,90,3,15
PA27,677,203,15,7
GU29,6580,781,56,54
HS3,327,79,2,2
DY11,6740,1042,20,23
EH3,1909,550,52,40
G62,8471,528,33,41
RG28,2344,250,21,27
SA3,291,157,13,8
PH7,3641,571,116,37
CF43,704,226,20,21
EH33,2767,508,14,22
LE11,7303,801,46,51
PL10,1698,590,47,38
EH25,2619,654,37,33
IV40,15,8,4,5
N16,1040,136,14,26
PH15,15374,1659,276,52
FK6,3422,579,27,34
GL55,6953,1050,22,33
IV8,2790,728,77,36
LA16,457,188,10,15
TA8,8,4,1,2
PH11,3349,644,125,36
LL20,3634,587,70,43
DA4,4234,505,19,43
TR1,2702,338,34,34
IP26,31275,2153,71,48
EC1A,20,15,2,7
G65,2114,482,18,28
EH7,1428,285,42,30
EC4Y,4,2,1,2
PA37,294,165,8,9
PA62,2089,624,15,18
RH9,11069,909,20,37
S17,4377,728,44,43
CH62,1003,106,16,24
NE39,3813,752,62,31
SK23,8971,1154,45,54
IV27,7,4,2,2
AB32,6744,555,194,39
BN9,1387,213,29,36
IV55,133,97,7,6
BS31,63552,1847,19,33
KA24,726,188,14,22
MK2,4428,853,14,32
SY17,2386,634,34,38
KY5,3756,327,31,26
M5,834,270,14,27
IV27,24,11,3,5
G82,2885,358,21,38
NE62,487,119,9,21
EC3M,7,4,2,4
LL64,1120,363,28,25
PA45,1065,386,13,19
IV51,48,43,3,5
KA13,6465,1084,81,30
NE68,365,145,11,8
BS25,20408,2537,22,35
EC4V,14,7,4,7
KA18,6635,930,91,43
SA40,2294,600,20,33
SA20,10079,828,41,43
EC2Y,81,27,2,7
IG9,1241,123,9,24
BN5,3271,344,38,40
CA18,936,279,10,21
ML8,1746,351,25,29
TN36,9107,631,50,45
PH3,1817,239,103,27
ZE1,32,29,3,2
TA22,3154,513,20,31
TR23,322,131,6,7
TN5,5017,596,33,43
NN10,9122,648,18,43
CH6,26,19,2,4
LA9,2208,159,22,36
ST8,1070,149,10,22
WS7,3107,206,15,23
PA41,36,29,3,5
IV12,7441,1485,196,60
PH33,1060,558,14,12
M40,2609,515,14,28
PE29,2851,382,33,36
NW1,1157,132,31,36
DL5,1597,138,12,27
PA73,13,6,3,4
RG29,4127,292,38,41
CA27,569,260,7,21
EX24,3027,435,22,39
HS3,158,105,3,8
LL42,21,14,7,7
ML12,8034,987,114,50
HP27,12064,1223,26,42
TR25,495,270,7,4
B47,3863,844,8,24
LE6,10859,1301,43,52
LS3,178,53,6,12
HU16,1841,148,14,24
PA68,26,15,3,5
HX7,6857,820,44,38
LD7,12063,1492,79,42
OX28,2005,319,10,24
ZE2,10,6,2,3
IP27,70548,4034,75,53
IV52,9,8,2,4
PH42,8741,1353,127,35
DN31,278,107,10,23
PR8,43009,3697,86,40
PE38,3091,365,27,35
HS5,953,312,30,26
NR24,3014,430,28,25
IV43,3625,892,77,27
KT21,3048,342,19,38
NE64,404,160,9,20
PA31,16,12,2,5
MK12,5226,808,14,29
SA66,15338,781,36,41
DL16,960,139,11,24
RH7,2990,546,16,36
IV51,34,31,5,5
OX25,3281,588,24,37
ZE2,2,2,2,1
L26,27134,1457,14,25
IG10,2403,337,38,42
TN6,10481,423,38,42
TN30,5350,537,33,52
IV26,3616,697,14,15
IV27,11,6,3,2
PA76,85,84,7,6
MK10,10866,791,8,33
PL33,189,72,6,15
IG4,291,42,4,14
KW17,5,5,3,2
HA1,1448,77,11,21
KW17,46,14,2,4
SA8,2246,406,24,26
L38,9654,1366,40,33
NG24,6545,394,50,37
EH39,4111,773,54,32
TD7,13613,1577,243,61
EH11,2403,595,57,34
BB6,19855,1169,20,27
PL32,2828,600,16,26
PO34,562,205,9,16
DE75,2445,624,19,36
IV47,241,154,6,8
SA62,2791,421,52,7
ST21,2115,372,19,24
DN7,4605,767,41,35
NN29,6550,1053,29,43
HS2,4,2,1,1
AB33,12160,1212,157,47
DD6,7203,457,183,30
PA38,286,215,11,11
RG45,5955,468,38,49
NN8,6038,546,17,33
SK22,9086,1069,38,58
KW5,930,364,31,21
OX11,5738,594,40,41
NW6,1080,80,11,27
SY9,20984,1963,191,39
DE45,12818,1365,82,61
SA9,4028,805,47,36
TR9,2879,489,20,35
PA60,29,20,5,6
ZE2,1053,319,20,15
WD7,6979,387,6,23
HP8,8085,646,12,39
PA31,26,20,3,6
BN20,3139,663,42,43
PE21,2294,162,12,29
IV26,40,25,5,3
M46,992,272,18,27
SW4,996,60,8,21
M31,3442,419,14,26
DH5,2470,145,12,22
PA7,955,345,17,25
HS2,10,5,2,4
KW17,322,147,15,8
BA15,9632,1110,30,39
CF40,1042,353,28,23
KY4,3465,335,51,30
SG18,118703,1460,44,56
LL39,1072,412,18,18
PA22,294,194,4,11
IV20,2,2,2,2
CW4,3711,237,14,24
BB8,18357,1160,19,23
KW17,8,4,3,1
IV42,334,289,9,9
PA24,2210,763,68,18
NE43,3386,441,18,26
TS16,2717,248,16,23
OX26,4163,536,25,31
PA65,4151,961,35,26
WF5,749,53,3,14
LE10,5730,851,26,41
G78,3984,367,20,37
B93,4021,605,18,34
SN9,2647,371,39,41
B96,10771,1191,35,31
NG20,5088,951,38,46
LL15,4457,350,30,39
LE65,8754,1528,58,63
LL26,2065,308,30,33
HS5,2,2,2,2
PA31,22,12,3,4
KY13,7958,603,172,42
DG12,2292,392,90,31
OX16,2614,305,13,27
PA42,7,5,2,2
S14,532,229,6,22
ZE2,12,7,1,1
DN12,2912,353,19,24
FK5,2440,470,27,38
LE5,4153,496,15,40
WC1R,11,11,1,5
EX19,1657,346,10,31
BS36,23979,927,14,32
IV51,143,68,7,6
SK13,14899,1265,48,61
EC4M,10,6,3,6
EH52,5290,921,30,37
WF6,769,147,16,23
GL9,21253,2563,17,34
LS20,1412,139,10,21
RG5,3242,448,30,40
TD11,12849,1227,115,37
PH39,17,6,2,5
PH8,16577,1274,312,57
PL7,6121,822,34,50
WA12,28781,1479,40,29
GU27,4566,526,35,48
PA74,983,527,5,14
S36,8708,618,28,40
PL9,9642,1655,140,59
SE1,362,56,15,24
DN33,846,117,7,20
LS19,935,95,15,19
ZE1,20,11,4,3
SA1,3114,719,63,34
EC1N,11,9,2,6
LS4,226,71,6,17
TA11,2353,534,37,38
YO43,4055,384,32,35
KY10,2463,562,37,13
TN32,4805,949,43,42
TR22,133,57,2,3
WC2A,5,5,2,5
GU35,5358,449,41,50
TR25,623,212,13,7
GU33,6030,621,61,50
WD5,2256,170,5,21
HR5,4051,910,53,47
PA28,786,124,4,8
BS26,12464,1032,18,37
PH35,3560,945,87,37
ZE2,5,5,1,1
GU6,6034,999,22,45
CF72,4340,558,60,45
AL5,11873,556,14,40
MK8,4143,611,10,24
SS5,2360,220,15,30
EH55,4332,817,40,40
CM16,5054,437,46,39
SA41,7376,603,31,34
SA38,3026,432,16,30
IV44,159,144,5,7
OL3,8131,840,33,42
ML4,262,98,3,14
GL8,21569,2555,37,40
HS2,1118,282,3,3
KT24,6247,1244,29,40
PE15,5610,377,35,38
HP16,13794,1021,14,38
DA3,3957,251,11,30
SA70,7752,1213,61,51
DN15,4314,559,46,42
KA29,847,128,8,18
KW17,9,5,2,1
EX34,3901,885,51,51
SO45,6810,441,33,48
KW17,97,67,9,8
BN42,1028,107,9,25
PL28,2046,517,38,35
ZE2,8,7,3,1
CW11,3994,237,17,32
SG6,5524,354,23,37
LA23,4125,568,38,36
HS2,5,3,2,2
OL10,7101,943,14,27
KW17,833,224,15,20
HA2,2301,117,12,27
TR22,181,63,4,4
PA38,824,242,7,10
DA9,1669,299,18,35
DE11,5593,701,22,46
SO41,15034,722,85,60
SE5,1307,81,9,26
SS13,538,86,10,23
OX25,4588,595,22,30
YO18,10453,1214,52,53
CO12,2610,517,21,33
HS6,147,16,4,5
KW17,346,118,12,17
G66,4548,316,27,41
NE27,769,145,8,22
CF82,1289,311,24,22
CW7,3436,279,20,30
GU47,6795,619,33,47
LL43,376,200,9,13
PA60,15,9,3,4
ST11,1790,115,2,18
TA19,4225,283,23,33
IP15,42112,2278,16,22
SW19,4147,297,58,47
GL11,23444,2275,30,42
LN9,3512,384,21,38
CF44,10508,1274,73,45
LA3,11368,1461,18,27
PL8,4378,1024,43,52
SL0,6509,791,23,47
LL52,3209,585,44,38
G77,4746,330,19,32
S18,9029,880,30,43
PA66,9,9,2,2
L2,1476,372,6,8
SY25,11345,1353,51,51
TD5,7265,1070,156,49
LL21,7577,851,93,43
IV41,1744,561,41,24
HS2,103,74,2,1
LL24,4339,704,56,42
SS3,2132,266,23,32
EN10,4636,397,14,32
IP20,12478,1202,19,33
DD9,7975,1056,281,51
BA13,3087,430,33,38
PA76,4006,623,23,20
NP13,1768,370,12,19
CM18,776,98,9,16
KT8,2238,253,28,42
IV23,20,19,3,2
PA25,937,365,27,14
S73,1619,311,17,34
ZE2,1981,368,19,10
DT6,21461,2728,121,75
TR26,3749,831,38,34
TD14,20687,1507,190,50
IP9,53589,3442,71,54
AB34,27944,2160,262,55
NW10,1719,175,11,29
G45,2268,175,7,19
ST19,2292,393,26,26
L10,3893,638,9,25
BS37,47244,1672,29,39
WD6,8392,330,9,27
EH42,13501,1824,73,50
BD11,352,41,3,11
HP15,8177,984,7,29
LN7,1953,370,20,28
YO22,8214,857,72,46
LA22,8030,979,94,45
NN13,9210,1096,26,46
OX12,9949,658,45,36
ST15,3548,301,25,31
TD1,9893,1162,203,47
KW17,27,7,3,4
GU4,3787,521,23,36
NW2,1563,205,9,23
DN3,2714,395,25,28
PH10,11630,2374,377,67
TA18,2428,431,12,27
B77,3209,590,14,25
CA13,5052,584,41,40
IV22,64,47,5,9
G63,16132,1448,171,53
GU28,8956,1351,84,56
PA34,6071,846,26,16
B7,181,167,4,7
DE5,4850,724,19,40
SN10,7702,554,68,46
OL1,2076,512,14,21
EN11,21312,434,21,38
GL50,12197,881,9,26
IV17,3770,762,82,39
BS41,25033,2220,14,31
HG5,4739,345,25,38
SN13,7783,1033,35,38
KW17,11,6,2,1
TQ1,4804,846,66,35
DL12,9327,942,63,48
SL9,13390,980,16,41
CA15,1083,247,15,26
CV32,3293,506,16,28
HS6,3,3,3,2
ME4,1453,248,22,36
AB30,14240,874,149,48
HS5,74,34,3,4
ZE2,12,5,1,1
LS22,3147,240,20,30
IV27,9,7,3,1
B3,40,40,3,4
TF10,13109,1577,163,36
NE37,432,59,4,11
BN25,5718,665,51,45
B48,6696,1125,28,35
KY1,2697,332,35,29
WN4,24842,1795,45,38
HA3,1904,191,10,25
G15,680,189,14,25
KW16,13,11,4,2
HP23,47962,1640,48,58
ST20,3794,580,33,30
M17,1083,386,11,20
YO60,8246,772,40,41
TA10,3909,444,26,40
NR35,15593,1748,28,36
TN8,7854,822,38,57
SP6,10975,997,78,56
IV21,60,34,3,6
IV9,1847,223,42,26
NE36,549,63,3,15
LE19,3340,395,28,52
CF62,6357,803,76,52
WC2N,10,7,3,7
DL15,1803,224,17,25
KW17,270,77,24,16
S26,5568,819,26,42
CF81,1719,449,21,27
NE68,1033,144,4,15
SY6,34491,3107,425,39
SW14,1263,139,13,28
PO19,5374,353,37,45
CM0,4706,314,25,34
RM3,1678,155,14,23
CH61,2079,418,27,26
HR7,4009,823,18,34
PA73,3,2,2,1
WV9,502,143,9,20
CM23,4964,398,32,42
DN2,1314,261,17,24
M44,2607,445,23,34
TN29,11256,798,65,58
SO31,7901,715,51,53
WF9,1308,242,19,26
SA42,5220,955,19,34
LA5,47879,2965,98,49
LL72,561,266,15,21
BH3,623,200,14,23
S62,1443,209,10,22
WR15,17036,1701,76,44
SN12,4059,305,28,34
TS20,880,173,9,19
PH14,1563,509,41,24
SL7,25572,1496,37,56
DH9,2233,223,11,30
PH43,16689,1374,112,36
SP7,8662,896,33,39
TD6,11990,1138,237,52
EX37,2214,279,14,37
LA20,4395,487,26,26
NE48,10883,947,50,43
PH49,15147,1759,151,41
RH16,4208,294,37,43
BA5,3735,547,34,43
GU23,26011,3953,42,51
EC1M,25,16,5,11
WS5,1235,58,7,16
NG3,3192,242,24,30
OX33,6338,767,39,47
NG13,10121,625,47,53
WA6,5886,602,43,36
SO24,6139,420,44,42
BB5,37288,1467,26,29
PA70,4568,896,37,23
BN22,1365,105,16,24
CF83,5935,628,61,37
LL75,1890,590,43,36
SO20,6706,776,66,53
DL17,974,226,13,21
HU11,2921,262,19,31
IP24,49201,3815,99,57
NR17,4293,485,42,43
ZE3,421,149,18,14
AL8,4489,367,15,36
PR25,13649,1507,19,26
MK15,9894,859,10,29
CV13,7795,851,42,52
IP23,65601,2322,24,33
ML6,1525,240,18,30
SS6,1710,85,10,26
SN16,20220,1007,54,45
EH19,3384,741,16,29
EN7,2578,208,14,26
LA17,2081,348,15,23
BL7,31890,1302,38,46
BB3,37976,1630,28,33
KA30,994,233,13,22
RM20,106,60,11,18
ZE2,2510,430,17,6
SN7,10962,683,44,41
NE22,1495,186,9,26
WF14,1183,139,11,26
SA68,8869,1006,59,42
PA35,14592,2309,151,38
EH49,6621,1028,87,41
KW17,41,17,4,6
SY12,20855,2052,270,35
PA32,4337,1210,86,35
IV27,33,27,2,1
NN5,3574,518,18,30
TN21,4627,585,31,38
AB22,4565,495,123,37
CW12,4460,337,31,37
DD2,3403,526,307,34
BN16,3242,269,21,34
G53,3137,299,14,29
HU14,1335,182,13,28
KW6,1434,728,36,30
IG5,605,42,3,13
DT10,7297,986,31,41
MK13,3694,706,13,31
EH48,15572,814,35,36
NR18,3043,250,21,30
SA34,6014,673,19,35
IP5,29572,1722,21,28
PL25,3737,435,20,34
MK9,2291,586,3,16
ZE2,7,6,3,1
IV56,110,58,6,5
BH24,28127,1596,156,64
TW12,2619,188,24,37
PO37,2662,670,32,39
BH25,4465,489,49,46
DN11,2646,373,27,35
IV16,3396,1068,69,36
GL14,1405,175,3,9
SP4,9221,876,93,50
RH19,7308,787,53,52
SS4,2917,456,21,34
BH19,9866,1903,218,60
WF11,1484,252,17,27
LL61,16910,1352,100,58
RM13,1022,222,13,33
WC2R,10,8,3,7
TS23,2057,232,13,28
IV26,40,35,4,6
DD11,6038,553,258,47
SO53,3994,183,22,29
S72,1562,299,15,25
BS13,16183,1319,12,23
HX2,1547,315,17,30
BA9,1285,382,17,28
IV1,355,159,31,19
KT9,1542,146,9,29
TN9,1424,228,12,33
LA13,1821,332,17,27
ME10,2250,214,21,40
CW3,4657,428,41,27
NR25,22297,1641,149,56
SA46,2943,439,27,31
B4,333,193,5,10
EC2M,11,7,2,6
IV42,1539,460,47,20
NG33,6622,744,44,53
EN9,4037,449,37,43
WV5,4358,687,48,26
BH22,8201,653,65,39
B95,3408,1073,13,27
KT7,1061,95,10,33
LD2,15427,2010,93,60
SY15,10593,1592,93,48
PL19,10797,977,40,49
RM6,1283,76,6,17
BN26,7236,767,63,45
DN9,7846,867,46,38
G84,21,13,4,5
BS48,64676,3131,48,51
S61,2081,276,19,35
DN41,1014,172,11,22
L3,8279,1161,23,25
SP1,2390,234,25,32
LS29,5307,382,49,37
WC1V,4,4,1,4
EH21,4674,891,54,34
GL17,32922,2700,77,42
WR4,3981,860,12,22
GL10,22075,1867,50,46
NP23,2685,594,25,34
SS12,734,59,4,18
PO35,1442,496,19,25
TN16,4000,552,31,45
RH6,3535,302,23,38
ME7,4532,739,26,49
CW10,2759,195,15,27
WC1A,14,12,1,9
BA6,6704,856,45,45
HP4,14462,1234,38,55
TS15,3213,293,12,28
WN8,28351,1427,43,40
IV27,1892,664,21,6
SP10,2710,136,13,29
EH18,3847,936,38,38
IV7,10767,1408,162,51
SA45,961,403,18,25
WD19,2457,362,9,22
SO22,3665,309,34,40
SG7,9035,725,25,50
NE21,1187,223,11,25
PR1,30552,1411,34,31
SE28,234,79,7,19
DN1,245,84,10,17
ME18,4273,676,27,43
HD7,3860,551,21,40
NG15,5035,334,40,39
KY12,10030,544,100,48
TF7,4868,1165,119,21
EH47,6152,948,34,36
KT23,4412,550,39,38
TW17,1788,255,19,38
NE63,1149,214,13,28
B49,5495,1223,33,39
AB12,12471,1120,108,52
WF15,573,61,9,13
NG25,3554,359,41,39
BD12,774,65,7,17
WF16,267,55,5,11
SG19,124297,1966,118,71
CV12,1938,495,8,23
PE8,14886,1642,82,56
TN33,13559,2226,47,52
IV25,4673,911,89,42
WR10,32996,2110,82,44
CT1,2184,261,18,43
AB23,8401,847,63,38
YO41,5532,506,39,41
GL20,33198,2196,91,52
L22,10707,1076,12,23
S64,1490,264,18,27
BH5,3007,282,34,23
ZE2,64,57,4,6
M38,688,352,7,20
SP8,4538,674,24,38
HS2,98,96,2,3
IP32,7064,989,11,23
WR8,27938,2020,70,49
BR4,2236,161,7,28
CR6,1339,259,10,29
DE12,9799,1226,44,64
PL17,6534,1134,35,46
EH13,2231,450,38,32
LL37,368,204,10,15
TS1,241,76,5,9
TS11,1495,238,7,19
YO13,8699,1028,76,47
IP16,168252,4380,53,52
SY16,4784,990,66,44
TR27,8035,1391,62,50
CF47,797,277,25,19
ZE2,9,5,1,1
SW1Y,23,16,10,11
M29,3591,339,25,33
BD15,955,73,10,17
DY13,16122,1613,63,41
LS27,923,123,9,18
PO8,4847,301,29,38
WD4,3685,359,16,34
EX38,5854,1394,15,38
PA34,1622,376,10,15
BN27,9922,732,55,50
KT11,3862,627,51,45
YO42,5601,522,47,45
E18,827,87,7,19
CM20,2195,185,22,34
EX4,4861,322,32,42
G75,4017,452,26,31
ME16,2964,422,31,39
CA1,830,208,8,21
HU17,5602,334,41,39
PL20,9487,1188,61,58
SS7,3473,202,22,32
IV26,9,9,2,2
PE3,3006,500,16,36
TW16,2029,142,13,35
OX3,8387,921,67,53
BS35,65369,2252,24,40
DN36,2395,290,16,34
L16,9702,1427,15,23
NN4,5812,571,23,35
TN40,1609,364,10,23
BN22,743,76,5,19
LA11,8973,720,82,49
RH14,7239,433,36,45
LE18,7100,567,20,45
CM17,2286,155,17,30
AB55,11980,863,69,42
DN18,2255,409,24,35
PA70,1417,556,17,11
KW16,2551,347,11,7
LA1,9857,1023,48,28
MK4,7100,770,8,27
LL47,3860,663,32,31
NP16,22686,2226,58,59
TS22,1497,219,10,19
WV8,1552,230,20,20
BD19,952,103,14,17
DE14,1872,358,13,33
CM5,4376,221,22,34
NN18,1172,242,6,25
TN10,1780,186,5,25
GL56,19180,1740,41,40
NG21,3636,867,60,47
SA18,4887,598,43,40
KA23,1290,247,17,21
RH20,11632,1056,97,69
DE73,11303,1604,65,63
IV20,2646,716,61,27
BB4,35117,1413,32,36
CB22,8242,463,61,44
TS8,1112,196,6,19
HS9,53,37,8,5
N10,1435,119,12,28
S20,2341,550,25,35
ST14,5306,500,26,34
CB21,11378,701,56,42
KY2,4872,390,43,32
NN12,10246,981,32,43
RM17,928,73,7,23
SL2,12953,1042,29,53
GU17,3582,368,38,38
IV26,897,226,8,15
UB2,249,57,6,17
CA3,1820,321,15,28
PE4,1765,126,7,24
HS6,585,128,6,8
NG34,9490,506,30,36
LL33,3855,880,39,43
LL53,466,213,13,15
M35,2055,540,14,23
KA8,665,121,26,18
CV31,2343,481,17,31
LL16,5515,614,54,47
IV36,19373,2180,224,71
LE16,15210,995,51,54
OX5,10714,993,65,53
NP15,12325,906,53,50
B46,4494,1017,13,30
BB7,83979,2550,76,47
HU13,965,159,16,24
DE4,25060,2077,92,62
EC1Y,100,46,2,8
KT15,3350,235,23,36
ML5,1059,263,13,26
OL2,3565,594,15,23
HS6,310,130,12,5
ZE2,2048,209,5,4
TR5,2275,676,37,32
LL31,1723,485,44,27
BN6,7524,833,63,58
CT7,2614,351,17,41
BH11,3383,421,35,34
WF8,2058,333,23,28
KT14,8789,2109,16,36
OX44,4479,431,34,44
UB9,8488,835,30,50
BS2,20913,723,3,18
G64,2316,334,25,34
IV53,826,404,24,20
SK9,6422,522,31,44
LS18,1886,196,13,25
LE17,10216,882,62,57
TA9,2518,207,17,31
NE13,1973,234,23,31
NP25,13728,1237,76,73
LL48,2627,656,46,38
BN7,5882,934,59,59
DD8,15011,1523,581,62
LA7,14122,1338,29,43
TS2,999,171,19,17
TN13,4682,639,31,45
G40,726,123,7,17
B92,7432,1007,28,37
KA21,293,67,10,17
SY20,25102,1859,95,60
LS5,409,77,11,20
DE65,8725,1112,34,53
NN16,1202,147,10,25
GL19,55313,2750,49,43
TF4,6588,1592,196,27
CA2,1514,344,14,27
G71,1508,195,14,29
PE25,915,151,14,24
EC2A,26,19,3,7
TS6,1056,224,10,22
TW20,3284,741,28,46
RG23,1918,90,6,18
WF7,607,137,10,22
MK5,8441,817,7,28
EX21,5878,570,15,38
SW13,2275,233,33,37
TW15,2241,95,9,29
ZE2,96,60,8,5
AB39,12496,1155,106,63
HS9,27,9,5,7
NG17,6900,818,43,47
HA6,5237,346,13,30
SL1,10231,1127,32,55
B34,1366,489,4,17
B37,2020,651,9,22
FY7,9213,1128,18,29
ST16,2347,259,19,33
UB7,2765,261,9,31
YO21,9863,723,58,47
DY6,2197,93,12,26
BD16,2088,159,22,26
CB24,10879,448,57,48
IV43,272,171,5,8
MK6,8338,796,10,33
CB3,3764,451,34,43
G83,8673,1397,184,60
WC2B,8,8,3,6
W1B,37,27,2,8
YO62,17681,1175,63,49
NG10,7576,1108,35,59
SK17,23548,2063,115,71
EH17,1508,524,23,29
HS6,34,29,3,4
LS1,166,56,6,12
W1C,3,1,1,2
CW6,4270,370,36,36
NN2,2078,376,13,29
PH50,3092,805,74,34
IP2,22487,2397,21,32
PA5,806,157,10,20
DN10,8966,928,50,40
B25,949,356,2,12
OX18,12368,826,48,41
TF2,7515,1140,167,26
NE12,1491,174,14,26
CM8,2054,219,21,34
DA16,2086,151,10,24
CB8,27015,1898,63,42
PL14,12045,1034,36,46
WR7,25173,1538,44,37
LE67,23404,2067,78,69
G11,1180,113,15,27
RM2,768,85,7,16
HS5,55,20,4,9
IV15,1640,483,62,29
TN39,3598,359,11,30
AB31,34588,2273,568,59
HS1,837,246,25,31
SK12,4154,566,32,48
RG17,14415,898,56,53
WS1,1071,51,3,13
WR14,17011,1768,73,39
TA5,6776,899,50,50
HU1,46,31,6,12
LU7,75259,2371,80,75
PL23,2031,838,46,41
SK15,6541,750,13,30
NE16,6926,850,76,30
MK14,9730,834,16,32
NR19,3963,379,23,35
CH46,691,118,10,22
KY6,2920,385,60,25
SY22,9238,1727,123,51
WD23,7911,435,17,32
PE1,2015,230,23,30
AL2,10837,609,28,44
RM14,2576,245,17,38
WR2,18963,1494,51,39
DE72,8415,851,35,53
HS3,355,72,6,7
MK16,23112,1396,25,51
EH22,7427,1162,49,43
L31,17547,1198,22,28
TF11,12621,1646,149,28
IV27,29,18,4,7
CF37,2029,338,30,29
TN22,26880,1230,86,60
TW14,1138,95,8,28
WS4,722,57,7,18
SR8,1329,381,18,28
SY14,4230,394,32,40
TW6,425,76,6,17
PA21,214,113,4,8
LS24,3373,218,25,32
TQ6,5673,1024,65,56
YO1,275,110,23,20
TN1,824,126,10,25
HS6,32,16,4,7
CF15,5598,478,56,37
SE7,791,112,6,24
SO32,10344,1381,40,52
EX13,6826,877,30,52
BS14,45161,2189,16,25
FK9,5262,599,95,45
SG1,5389,334,17,30
CV36,5921,860,27,36
SP2,3265,306,28,37
CA20,1433,293,31,35
NR13,17751,1543,133,62
DN16,1170,127,9,18
TD15,9447,933,94,49
WA10,50876,2226,62,28
B10,528,348,2,11
NR28,5674,395,26,34
WV12,753,49,3,15
DH4,1418,225,18,24
IP29,57351,3165,77,43
HU4,503,52,12,17
ML3,3818,513,29,34
BL5,3299,502,22,31
KW16,2961,962,51,33
HP17,14102,1105,22,45
RM5,709,74,8,19
CM19,18076,317,16,30
EH54,3547,587,45,36
WF10,1891,283,17,33
BN43,2630,363,33,42
LL14,6531,950,90,46
TA20,8235,877,28,41
IV46,1795,625,36,23
IV19,4436,830,76,40
KW15,2762,406,38,35
NR7,2952,222,37,35
SW5,94,49,6,16
LE15,41417,1635,129,72
KA9,1330,101,15,20
SN5,3154,342,28,37
G14,745,102,10,21
LS25,3607,277,27,34
CV9,5729,940,22,47
CB23,15833,656,83,51
PA34,11292,1462,85,30
BL6,20420,1222,34,40
SA17,6834,626,28,42
BA20,824,54,6,17
CF63,1709,361,26,26
SA48,8289,1155,48,53
M2,276,151,13,13
DG11,10826,821,417,50
WR3,10684,1272,56,35
GU5,10178,1826,45,49
CF31,3638,366,54,35
HU2,79,43,8,13
GU51,4892,274,22,41
ML11,9484,1105,90,48
NR5,2118,335,30,37
PE33,9411,1253,47,45
BD17,1464,131,14,27
TA1,2786,93,19,24
SW1W,228,97,13,22
M50,519,220,7,16
RG22,2495,76,8,21
TA2,2803,135,18,34
NE67,3165,467,24,26
S66,3254,313,23,30
DG1,8052,788,310,49
S44,10395,1369,45,48
HP12,4909,963,13,31
LL54,11236,1477,72,62
WN7,2451,462,26,34
CA22,807,182,10,28
LL45,3838,1086,47,39
SO51,11558,1318,75,52
CH47,1500,177,20,26
NN1,1647,251,15,28
KY7,2795,271,105,29
ST9,2667,331,17,26
PA4,703,120,11,21
G5,575,137,6,17
PL12,6799,1163,53,52
OX4,3166,500,38,43
HP21,3982,503,12,34
G68,998,269,15,28
IP19,55649,3242,33,42
B1,98,81,6,12
SR1,14,9,4,10
LS21,8911,460,45,38
TW8,1203,220,25,40
BH7,896,156,12,25
PL35,3010,917,45,36
G61,3475,161,28,28
DL10,3811,362,36,39
DH2,1074,144,15,26
EX23,11487,1317,65,62
MK42,16868,615,17,42
RG10,11796,896,48,54
SO23,4054,456,43,50
HX6,1402,313,14,28
CO9,6450,623,35,41
G22,1977,295,17,26
CW1,2305,208,29,29
SW5,4,3,2,3
WR4,601,319,2,7
WS12,17,12,1,5
TW13,175,8,2,4
WC2R,2,2,1,2
AB12,51,38,2,9
B37,78,68,3,2
CR9,52,10,1,6
SO52,113,45,2,9
IV26,18,15,2,6
NN4,43,23,2,5
PO12,34,4,1,3
RG4,113,11,1,4
BD99,5,5,1,1
PA34,22,14,4,7
PA20,7,4,1,3
BS34,910,79,2,6
IV40,41,27,4,9
SA12,68,56,2,2
CV2,184,131,2,5
FK18,840,301,80,19
KW13,1385,388,32,25
PL9,89,48,3,12
BH13,9,6,2,3
EH16,298,85,4,13
BS6,39177,1321,25,27
G4,500,60,4,13
HS9,6,6,2,1
G34,2482,201,11,21
BD14,764,62,4,13
HS6,56,48,5,8
PA31,8,7,2,5
PL16,2794,479,17,28
TD15,1,1,1,1
KY10,8307,605,33,38
DT4,5916,1005,55,55
NR8,3124,344,27,29
AB52,5086,626,64,48
PA66,5,5,2,1
G60,840,301,10,18
DT8,10394,855,22,42
G23,2464,339,11,23
TF13,22006,2163,256,37
EC4A,2,2,2,2
PA72,5512,1010,23,29
LA18,2020,438,23,37
GL16,28799,2503,60,46
LD8,4545,1022,43,49
IV30,15629,1451,206,61
PA61,23,6,1,3
CO13,20,7,1,2
TR6,1587,476,23,32
CB25,24700,2772,179,53
MK7,7266,762,11,34
GL18,20624,2513,62,41
BN15,3016,312,22,32
L32,5400,961,9,20
L33,14321,1456,33,23
CV4,2293,238,18,27
IP30,57554,3121,30,42
YO32,5182,450,48,44
HP5,17018,1138,29,55
DH1,3607,236,32,40
WV15,19968,2812,255,36
SO30,5851,325,27,42
SS14,548,73,4,18
OX27,17351,1128,34,38
G81,1111,328,17,24
ST10,6296,534,42,41
KW17,31,14,4,3
RM10,564,67,4,21
S13,1960,307,24,33
S63,1546,240,21,27
M43,1612,466,14,24
ZE2,1406,290,15,10
LN3,3343,410,25,33
PO17,8637,439,36,40
SR7,2673,280,18,31
S45,8255,1032,32,45
KT10,2863,376,34,45
BN23,1500,118,10,24
DN6,4076,660,45,35
WV16,34594,3521,332,42
DY7,7321,1489,65,43
W1J,5,3,2,4
SA15,4254,618,32,45
PH44,2802,587,33,12
HP19,3305,532,9,31
KY15,17643,1348,323,53
CR3,3757,428,21,34
TN23,3105,376,21,43
BL0,16858,1120,23,39
KT13,3019,359,21,38
DA13,4641,541,20,37
PO36,5636,715,45,50
RG26,10425,408,40,47
FK2,5092,626,47,47
HP7,12060,808,19,48
HU7,1202,95,14,25
TA23,1069,171,10,28
PE30,5227,411,27,36
PH38,3994,1305,63,31
DY14,37738,3393,381,46
SK1,1139,236,13,27
SS17,1513,139,17,32
PO30,13813,1379,78,62
IP7,69299,3293,36,48
PE32,9966,950,52,48
PE24,3362,557,30,38
IP28,81906,4573,92,57
PA38,13281,2243,152,37
TS17,1298,191,12,27
AL6,7648,603,29,43
CW5,9111,505,51,46
TS21,4613,285,17,25
BH2,651,201,16,24
CT14,4342,745,45,50
SP3,8358,656,80,53
TA24,11843,1323,84,54
IP1,26165,2074,24,36
B71,1650,204,5,21
EX22,8931,805,21,40
S80,18951,2256,112,56
W7,472,82,12,26
B21,1136,161,3,14
B27,2074,466,4,16
TW18,2289,396,22,43
KA11,13059,1266,95,34
TR19,10038,1584,104,54
TS12,5448,559,24,34
GU16,2755,207,24,36
SA7,2271,486,32,26
SG14,7705,642,29,46
YO30,2880,329,42,36
M32,5349,786,14,27
M45,3430,632,14,33
DN22,12058,1026,93,47
KT12,2836,189,26,40
KT16,4649,1035,36,48
BN41,1349,155,18,33
CT18,3918,551,35,47
LL35,1174,269,21,20
NG14,6486,535,60,43
BS40,88497,3851,57,52
KW17,459,159,12,14
CT5,4250,341,35,49
B8,445,301,1,14
PO40,2011,465,49,38
DA8,1264,127,12,30
HU6,767,88,17,18
KT3,3264,133,14,32
WD24,1697,211,7,28
LA12,14306,1181,80,50
TR15,2537,326,11,21
B16,390,153,5,12
TS26,794,155,8,17
NE2,963,194,12,23
NG11,9273,1000,70,67
L35,19029,1892,30,30
SE11,860,70,9,17
SW1V,239,94,11,22
LE8,9702,645,48,57
BD10,1420,97,17,22
KA19,6110,1237,150,46
WC1N,46,22,5,10
YO61,10027,600,29,37
DL14,3030,243,17,32
N3,1519,103,6,19
NE10,522,57,5,16
SK11,9439,534,50,46
TS7,1722,228,12,23
AB21,11055,834,291,41
TS4,297,94,4,13
BN24,4714,231,30,33
BN12,2103,109,15,29
PL24,3205,492,37,43
B79,5855,906,20,43
CH60,1594,316,15,24
PA8,687,143,11,21
L37,39782,3741,87,48
TW13,2602,176,14,33
GU14,5896,243,35,43
AL9,5786,487,13,31
DA14,2654,290,15,39
KW17,70,26,4,4
PA2,1709,183,6,21
LS11,442,73,13,19
B42,969,77,7,22
KW1,127,81,15,8
LA4,4132,712,6,18
PL29,867,409,33,19
SO50,6155,321,36,46
E7,196,53,9,17
EN8,3085,272,18,36
HP14,22716,1573,46,53
ME19,6418,586,37,46
B94,4254,1214,20,33
PA34,756,266,9,7
DH7,3975,455,26,35
NN9,5751,463,16,38
IV26,91,46,10,10
SA43,12841,2073,81,55
CT12,1872,393,31,41
DN34,719,83,10,23
RM16,1954,207,19,31
TA7,7051,518,45,51
BA21,2127,134,16,27
CA5,5234,552,32,34
WC1H,269,48,9,17
CA19,1884,403,30,33
AB16,1426,230,54,25
RG14,7391,614,21,46
TW19,3482,680,25,36
BH10,3280,616,21,33
SG8,54120,4017,170,64
N2,958,120,10,20
KW17,41,12,4,3
NE46,5413,486,26,36
PL4,936,181,13,28
ZE2,3011,338,13,11
CR5,5915,643,19,36
SS16,1690,187,22,33
LL46,3574,721,48,35
RH11,3787,178,20,32
YO8,6716,670,55,42
B19,43,33,2,8
YO24,1517,172,27,30
ME1,3011,401,37,45
HX1,118,40,7,11
NE47,10033,987,50,41
B43,1882,145,11,22
IV1,2742,538,84,30
CV22,3008,539,16,26
NN3,5345,476,32,35
SE22,1318,114,24,29
E17,2092,233,18,28
DL13,9268,719,40,44
NN17,5379,591,22,44
IP8,36009,3209,40,46
HR9,14009,1548,70,57
HS2,69,40,8,10
SE12,1508,69,8,24
IP31,58221,3141,36,41
PA19,527,137,10,16
L39,44566,1960,69,40
NE6,590,112,8,19
CV11,2741,541,10,33
B72,877,140,2,17
NE38,1079,100,13,20
IV49,694,252,17,12
CB11,4759,372,34,38
NE32,495,89,10,18
NR4,2961,280,38,36
SA11,9225,817,58,42
TS3,334,114,8,18
B63,5322,821,13,26
NR12,22268,1670,117,64
NR21,7655,723,61,45
PL27,4244,956,54,42
CW2,4411,326,31,35
BD5,180,53,4,15
EC1R,36,19,4,13
LU1,13273,555,18,42
IV21,1676,595,51,36
EX10,5510,508,44,53
BB9,19377,1429,20,30
HR6,9629,1216,48,49
CH6,809,206,19,22
YO7,9254,658,36,35
CH4,4647,322,40,47
KT4,2373,112,12,31
BD9,905,57,6,14
B38,4157,922,9,27
KW14,274,118,7,5
HP20,12835,631,9,27
NG1,629,93,15,22
IP22,45495,4663,62,48
MK18,52900,1545,44,50
PL5,2561,267,12,36
GU15,3987,656,27,44
SN6,64769,1376,53,49
ST13,6695,786,59,43
SW1P,98,55,6,15
CT21,3614,643,32,47
CT13,3461,500,36,48
DE7,10291,1129,49,55
TF1,7471,1535,189,28
KT20,5981,1021,46,46
SG5,17302,818,34,57
WS14,4264,177,17,28
SA62,1894,566,40,18
M26,5710,919,26,39
NG12,7540,554,59,52
SK14,12842,1073,32,46
BH17,4079,518,82,29
SA44,8663,1233,59,52
IV6,8226,1402,176,47
LU6,68653,2085,87,61
DT11,19472,1776,82,54
DA12,3966,494,30,49
G46,1315,234,16,25
SN4,4782,497,46,43
CM11,2134,209,21,31
LS26,2002,283,24,32
ZE2,35,28,4,4
NG4,3029,301,43,36
WS9,2171,339,12,31
KA26,11585,963,238,43
EX17,7070,519,27,41
SL4,18082,1046,56,64
L30,4574,658,15,25
SW1X,161,73,13,18
N6,983,236,23,32
N5,151,33,8,18
M41,5191,689,17,30
IG11,603,67,9,23
NE25,1898,192,11,31
EX14,7444,490,28,46
G51,413,62,4,17
ZE1,3240,513,30,22
PO9,4898,327,32,45
L17,6112,923,19,20
ZE2,1751,367,37,20
CA11,7252,1320,83,47
G52,2086,294,27,31
RG8,22359,2172,116,66
LN13,3435,435,16,32
BD23,25836,1600,153,56
FY1,2518,727,7,17
L34,36287,2573,42,29
GU34,10903,1168,69,58
N12,1788,118,5,20
SR5,507,91,8,18
TR11,13035,1744,162,57
NE9,1559,112,6,20
LN11,10457,720,43,48
WD18,2433,275,10,24
M25,4155,659,21,32
OX2,8843,862,73,52
DG2,16023,1030,417,58
TN24,2492,252,15,38
TQ3,3185,319,30,42
G76,8772,927,48,39
SY13,25591,2789,567,56
E1W,721,65,4,13
NR6,3490,238,16,31
CM13,2203,204,16,28
DA5,2160,177,10,27
DN21,7549,782,60,44
KW3,719,297,24,22
SY24,7133,1460,57,47
PA66,1781,611,16,23
RH2,4343,314,38,43
L11,3906,987,6,20
PA20,1236,166,17,29
WC1B,260,44,2,14
BN17,2421,266,27,36
AB54,35871,1641,165,60
PO20,11857,1058,116,63
EX12,3651,808,63,56
PH39,987,316,28,24
PA80,10211,1588,54,37
ZE2,29,7,1,1
DE23,3581,500,12,38
B64,2018,555,8,22
CO7,23845,2434,84,57
EH15,5358,632,55,43
HD5,1760,220,16,28
DL11,11564,754,42,35
GU32,5724,546,48,50
NE65,11073,923,53,49
TW9,2544,309,31,43
WS12,2641,343,25,28
CB10,4974,397,46,34
EX15,5714,591,26,53
SO17,1969,159,18,23
M15,800,354,14,23
HA4,4435,129,15,33
L40,52158,2164,67,41
CV37,10406,1476,48,45
B24,782,114,10,19
BD1,22,15,6,14
RG41,6011,497,23,37
HS6,52,21,5,8
SK6,22786,1202,46,51
RG25,3805,208,29,38
DE21,10275,877,32,47
BS3,29598,2148,27,36
SE27,1016,208,7,21
ZE2,1222,158,7,6
PE2,3433,329,33,37
W10,546,58,8,24
CT19,2003,360,22,37
PE11,4459,433,47,43
B65,3098,579,5,15
GU4,4041,643,41,43
LL70,460,252,21,18
UB10,2839,264,20,38
LE9,14567,1076,68,63
DE24,5143,619,34,45
B98,10153,1242,44,34
TR8,6673,1573,54,48
M11,1678,424,12,26
AB41,20679,1363,296,61
CT9,2284,395,17,36
WN1,6697,810,19,35
ST1,482,68,10,19
IP21,28569,2185,36,38
BA3,30454,1742,46,50
BD3,132,32,3,11
KW16,102,64,5,8
IV40,8927,1423,97,28
E15,235,48,13,17
WC2H,16,12,3,12
G3,1013,186,19,27
WS10,623,87,7,18
B6,45,33,5,10
TN12,11155,784,38,55
IV10,3321,634,84,35
N21,2478,101,8,24
NR27,7768,1655,79,39
IG3,585,41,2,13
PO15,5589,433,31,38
B28,3637,784,9,25
S1,95,51,3,11
WA9,75873,2282,71,35
TR20,9818,1078,69,53
HS6,96,63,5,7
IV18,1932,433,57,26
G73,3295,289,37,24
EX9,3893,391,28,46
G43,2266,325,23,29
M33,10298,889,29,39
GU31,6690,917,60,51
M27,4127,750,21,31
CT3,11751,1433,44,57
RG4,9044,813,53,48
BB12,28807,1521,27,28
IG7,699,125,10,22
BH16,6016,736,84,41
NP7,23140,2097,132,72
SE26,2067,148,16,34
PO5,945,54,13,19
BH9,1773,305,22,29
BL4,3651,808,20,28
HG1,1932,297,15,24
LL57,14928,2116,133,54
MK41,97078,861,33,50
PL6,4029,569,24,40
TR14,6291,674,26,33
B20,1804,144,3,21
LS16,3686,244,33,32
N8,310,77,13,28
LS15,2209,126,16,26
TW7,2546,206,18,38
E6,575,71,9,19
DA1,2822,274,24,42
PL34,1383,506,24,24
PO6,4354,412,47,42
EH5,1115,384,35,31
PL26,10754,1493,86,52
SA62,9582,1336,83,24
SY21,19564,2071,133,58
CH5,3872,401,63,47
SE23,1796,141,18,33
PO31,1784,229,24,33
HU18,997,201,17,25
EN4,2667,230,13,27
L14,7571,1211,12,20
RM7,1037,86,8,24
KW17,72,33,6,7
RM12,1520,123,10,26
PA21,5803,816,64,28
TN31,19402,1695,87,64
SA71,25429,2884,199,63
WV3,1415,90,10,18
BS9,59366,2845,30,37
TN26,11795,888,53,56
WF13,362,50,4,14
WD17,2003,235,7,21
B12,824,415,2,18
N20,3192,155,6,22
NE66,11781,1019,65,48
PA34,2400,598,4,6
SE24,610,71,5,18
KW17,6192,428,15,13
WD3,19790,1141,43,61
CM9,6971,593,63,57
KW1,4670,785,93,41
N9,1246,83,3,18
HD2,1490,191,14,22
W1J,122,36,7,9
PA26,1021,449,29,20
SA19,23427,1716,90,56
TF3,5102,1099,132,23
CA6,6028,748,63,46
M3,290,147,19,22
LL59,5734,1144,76,45
NR15,7089,445,36,38
NR32,44431,2774,50,42
TW1,2489,148,20,40
EX6,12318,1539,89,63
G84,3617,867,57,38
LS28,2397,114,9,20
PO7,6537,329,33,42
PE12,6511,380,34,40
S12,2667,582,28,35
BD22,6252,775,24,36
WS2,457,56,5,21
GL5,26306,2361,62,44
B17,1578,315,5,15
SA16,2426,545,35,32
NE8,330,43,5,16
LA14,4490,605,42,37
NE29,715,117,7,20
NP20,1831,237,19,28
HS3,85,49,2,3
ME2,3039,380,32,40
B44,691,54,4,14
E5,785,218,17,29
EN5,4239,359,12,32
BN8,15008,993,79,62
OL8,2341,494,13,27
G69,4123,274,20,34
BB10,25266,1308,26,31
PE31,12504,1003,119,64
MK40,20491,587,24,41
B91,4116,513,16,31
CB6,10449,433,58,48
SK2,2930,480,12,33
AB53,12730,1111,175,50
IG2,897,80,7,20
PR5,54339,2204,56,41
OX7,18753,1442,56,51
CV10,5175,941,15,35
PH41,2539,416,25,17
LL32,3873,659,65,51
SN1,1093,90,19,27
SO40,12633,797,72,57
WR5,11710,1361,50,39
CF35,5280,781,89,48
PA75,8838,1227,58,36
G21,1468,116,11,20
L5,2680,543,11,22
SA6,3063,563,21,29
BH23,16556,1110,130,63
LS10,815,113,14,24
L13,7811,1234,12,20
WA4,9371,466,55,36
BD18,899,92,17,24
FY3,6869,1195,15,30
B70,1156,353,6,21
KW17,1049,165,11,19
BL8,13566,1044,28,43
L21,11502,1034,13,22
SK7,4851,414,22,42
CF3,3745,535,40,42
IG1,708,84,10,29
LU2,26065,792,41,60
TN15,10743,1170,59,52
CM7,5268,272,32,32
M20,7197,903,31,37
YO15,1514,187,12,22
PE22,5081,458,27,39
KT6,1303,87,15,30
CF61,1573,266,34,32
SO19,3304,273,22,37
DE13,7259,894,41,49
SA3,29677,3337,233,75
UB3,1200,78,4,16
CA10,10052,1226,102,55
SE19,1721,138,16,32
BD4,591,66,7,17
NR3,2844,270,25,31
KT1,910,92,12,32
BH13,2019,275,62,26
CF23,10217,513,52,35
DA15,2048,153,5,24
GU12,3699,577,16,35
IV49,9212,1558,148,43
M4,360,190,11,16
WS13,4518,394,21,34
BD13,1747,230,18,24
WA8,15054,1424,34,36
EX35,3924,998,40,36
GU21,4783,540,39,38
CO4,8157,942,36,37
WA1,1746,201,22,25
EH30,2517,641,43,39
CO3,3118,227,25,39
B9,826,429,2,12
LL28,2158,340,31,32
PA15,160,67,5,13
N14,3560,149,12,23
SK3,2580,516,11,26
HP10,14822,1109,16,36
RM9,432,66,5,19
SM6,3459,156,21,38
EX32,4257,542,16,37
SE4,906,109,11,24
DN19,758,136,11,21
LE4,14791,391,52,51
ME14,7112,691,55,58
CT20,1757,214,10,30
S7,1314,413,26,32
W1B,7,4,2,5
CB2,3478,530,54,42
NE30,1068,200,11,26
W4,3370,221,31,42
PA42,13,9,2,5
CW9,6966,463,42,37
NP19,1018,120,14,19
WN2,9627,945,24,36
DH3,1373,192,15,31
L12,10150,1469,14,25
BS20,60794,2874,35,42
WF17,805,134,11,18
CR8,3734,544,18,30
M23,4892,740,11,27
BS32,18649,1238,12,29
LL63,3025,904,73,43
CM15,3213,210,20,33
B75,2579,252,11,28
WA11,94062,2780,88,33
AB25,1415,247,74,29
AB51,38282,1627,516,64
TW2,1952,145,13,29
L18,10039,1594,17,27
PL1,2715,699,75,40
B36,1448,424,6,16
DN5,5900,767,49,37
L24,8111,1348,17,26
ME8,4742,563,24,39
NG9,10888,832,64,58
LL18,4076,546,50,48
AB45,26521,1296,105,48
EH1,1043,300,23,26
S70,1604,291,17,31
S71,2294,319,17,31
L9,4202,678,14,29
SN8,11248,1055,103,56
OX17,10029,1388,50,45
WD25,8355,505,17,34
CB7,63204,5313,406,56
N22,1291,99,12,26
UB4,926,84,6,19
HR4,5101,533,37,35
S35,5038,495,33,38
HG2,2822,338,12,28
EH51,1025,232,18,25
NE61,13370,699,52,49
PE13,5051,422,27,35
TF6,22459,2487,275,37
IV32,14463,1298,93,57
NR10,8802,607,48,40
PO13,2905,424,30,38
W8,197,75,10,20
L8,5913,905,18,21
DY5,3241,412,15,31
KW16,5277,1214,42,35
CO13,1306,176,23,32
DH6,2760,269,16,28
SA2,5348,704,74,46
CT10,2410,318,15,33
SR2,546,88,13,21
WA3,9295,895,55,49
SE10,1394,131,16,32
NW7,2700,243,7,23
SE17,728,55,3,14
RG27,13563,533,63,57
TN4,4765,613,26,42
BN14,2914,264,29,42
RG42,8822,600,27,35
CF14,15438,658,95,42
LU4,11195,450,8,30
PA43,1174,343,12,23
B33,1328,478,3,14
KW9,3511,653,42,34
TR2,13161,2194,91,50
B15,1121,470,16,30
GL7,156756,3810,123,61
IV47,6507,995,114,42
B68,2872,575,3,18
IV40,1305,444,28,18
L6,2416,632,8,14
SE14,581,85,7,21
PA31,33,15,2,2
DG6,4690,640,74,42
NG6,2373,268,37,39
NG22,12333,1213,93,51
DA11,1212,215,14,31
CM77,2684,271,28,34
NE5,1219,59,3,18
ST6,2316,169,18,26
CR7,1165,75,2,19
CH7,12481,928,172,59
PO4,3518,186,26,33
G32,1425,136,14,25
NP10,3577,471,38,50
TN2,6606,768,31,53
PA3,1048,226,13,26
PO39,2643,704,70,32
DN32,490,89,8,15
GU22,5385,656,42,42
G42,621,107,11,21
DD5,6006,460,140,38
LU3,32241,973,43,43
TR7,2614,573,47,35
CF5,7529,677,81,47
HP2,6298,453,14,41
BN13,2975,189,19,26
RG19,6053,834,51,44
RG30,5479,749,41,49
HS9,31,21,5,9
DT2,51979,2831,180,74
SW20,2598,145,17,28
BS34,20853,1167,12,22
TA3,5872,792,31,54
YO31,1827,193,31,27
PR4,59851,1978,54,40
SO42,11602,1256,114,55
DN4,4670,733,60,35
NR1,1862,204,36,36
WV6,5198,764,60,29
NR20,8144,545,37,39
OX15,11083,1413,56,44
SY10,43750,3618,496,60
W14,370,64,12,21
ST3,2053,165,15,25
SY3,19164,2798,410,39
CB1,7040,417,49,36
SY11,16406,1635,225,34
PA23,5269,1094,311,40
ME5,4899,693,24,35
SK4,4709,708,23,30
SS0,1301,210,15,21
SW6,681,100,17,28
NG18,2740,221,25,37
EX33,5130,776,50,50
LL55,9672,1464,99,61
SA10,8613,965,81,47
EX31,11141,1039,57,54
S65,2182,247,17,31
BD7,488,59,10,20
CH63,2034,189,23,25
RG18,11155,542,23,35
SS9,3006,326,14,32
WV11,1476,112,9,20
B5,1033,579,13,26
SE25,1201,89,11,25
E16,739,94,10,22
TW10,1927,360,34,46
SS8,1057,149,16,25
W1W,245,46,4,13
B11,1288,401,6,20
TS27,2309,315,26,33
HU5,1208,110,22,24
BD2,474,35,7,13
CV23,12264,1254,43,55
TN38,4896,960,34,42
BH20,37966,2574,311,84
EX16,9769,1031,40,49
LS2,214,58,10,12
NW5,931,102,12,21
HS9,55,34,5,8
DL2,5822,398,38,41
B61,18233,1355,44,36
M34,4740,678,17,29
NE34,1251,246,16,26
S75,4198,420,30,41
TS13,4723,718,59,40
B67,1303,338,5,16
LU5,30637,717,30,38
RH10,6312,607,34,42
CF11,2491,259,35,28
CM22,30213,3482,175,51
W12,716,58,9,23
PE36,3432,508,47,42
EX39,11000,1530,56,61
LS9,689,97,7,19
SY4,61455,4287,736,52
UB5,1303,82,7,20
N13,2095,97,7,20
BL9,13671,1339,33,45
CF48,9346,1228,74,43
PH2,13386,1139,465,52
W11,222,43,6,18
SN25,1268,140,9,23
TS25,2095,323,20,33
DY10,20234,1470,52,42
DL8,12936,872,91,54
LN4,8453,541,50,42
PO22,2845,142,18,32
EX20,17438,1150,47,54
KT19,4832,215,15,36
LS13,1152,105,10,20
LS12,1279,128,17,24
IG8,2481,104,11,31
BD6,672,54,4,15
UB8,2703,354,17,39
CO15,2284,122,23,31
DY9,18886,1654,38,37
B23,569,47,4,17
G20,3081,245,34,34
PE28,21762,1477,116,72
LN2,3924,303,27,35
OX1,4761,1013,68,50
EC1V,65,26,4,14
CH45,951,156,14,24
G13,2320,284,20,32
PA35,1064,555,12,14
W1H,25,12,4,8
HA9,429,59,5,14
LE14,25056,931,80,64
CT16,3227,817,31,43
LL36,4101,949,43,46
M7,850,368,16,26
SW15,2307,223,36,42
BS23,19388,1432,15,31
SW12,998,81,9,23
DD10,11760,1430,171,59
PO1,438,76,18,22
DE1,1475,421,10,33
PO12,2714,438,29,39
HU15,5976,477,40,42
BH12,3960,682,56,31
BS22,24194,1533,16,35
W9,391,53,4,21
IP17,263231,5824,115,63
CH64,4248,293,33,30
N17,977,107,16,26
HP22,59677,1554,42,56
DL7,6310,345,26,35
GU1,3125,267,25,37
PO33,5701,645,40,45
NR2,2649,291,33,30
RM1,1114,148,12,23
CV21,3153,628,22,33
DL6,8042,506,17,29
AL4,15702,693,32,45
KW17,6266,612,80,31
SL6,39217,1724,83,63
B78,5867,1038,34,41
BR5,4868,412,22,41
PO16,6523,352,28,32
B62,10364,1371,22,29
KT18,4251,910,22,41
SA32,16438,1011,47,48
DY8,9847,978,15,32
PH33,14380,2381,215,57
CM3,12595,1514,93,53
SS1,1154,218,9,21
TD15,1315,342,24,27
LE1,666,199,19,30
BB2,35039,1528,31,29
HP3,9449,874,19,37
BS24,51499,1790,15,34
DY3,2396,290,23,34
RG1,2274,429,40,39
WA14,5018,620,32,43
BR6,9788,527,30,44
CF36,5498,636,72,34
PE7,9246,654,76,54
WA16,10703,585,43,42
YO14,2389,463,47,33
DY2,1576,339,10,24
ME17,14119,794,43,53
NW11,957,218,14,25
BL2,6515,637,23,41
E11,1287,130,12,25
AB24,3948,499,140,42
E8,543,59,12,18
TW3,1199,61,3,17
NN7,14701,1479,49,48
PH1,8595,926,322,55
BL1,9382,893,27,39
CA14,2918,294,21,36
GL2,89716,2886,57,56
TN35,6826,963,51,46
IG6,1053,106,8,21
LL53,17406,2375,191,74
CO5,6859,789,79,48
RM18,516,177,14,26
SK8,6807,604,18,32
CV2,1947,398,15,25
S8,2565,688,33,47
PA77,21150,399,24,25
BN21,1155,97,10,25
HD3,1274,192,11,21
IP4,100464,2803,33,32
RM11,1712,82,7,24
SY7,72363,3974,507,50
E2,502,105,14,16
GL52,37126,2275,30,41
PA67,3394,877,22,26
BS10,41155,2691,22,32
NE26,2029,402,34,37
DE6,23493,1860,118,61
LE3,6548,491,45,55
TQ13,24734,1987,144,72
NW8,504,63,5,20
FY8,12340,1190,30,36
NG8,3204,223,35,37
AB11,4604,490,60,32
KT17,3764,346,23,38
OX29,14294,1070,67,47
ST5,4556,310,38,27
SM4,2120,218,16,34
WA7,5029,430,41,35
B29,4629,707,13,28
IV49,217,180,18,16
NE70,4713,413,17,25
WA15,5376,550,20,35
CR0,6642,217,26,42
SE3,2539,116,6,31
B74,3520,584,15,29
G1,416,119,7,17
CF24,8083,490,47,28
TN3,13031,1412,68,61
S5,896,236,23,30
G2,755,79,5,13
KA27,21792,1464,260,45
KY9,4063,497,56,34
RG6,6308,667,64,42
BN3,2971,170,28,35
ME13,14863,1219,43,57
BS8,39779,3656,52,45
SE18,1769,143,16,32
S40,3358,488,19,36
RG2,4701,635,51,50
SE9,2766,201,17,31
CO11,15697,2173,30,43
TQ8,2298,515,43,40
PO41,1602,270,39,39
DL1,3210,127,10,29
EH10,4848,829,78,42
BD8,596,63,6,17
NE3,2938,232,24,30
KY8,6293,1181,92,46
MK43,79494,1898,47,55
BH14,2239,254,34,25
KW17,2361,368,18,18
W1D,8,5,2,6
WV4,1923,156,8,25
IP14,63462,2693,31,38
M16,2594,512,19,30
YO23,3680,344,52,42
M9,2686,601,15,29
PO3,2880,123,18,24
GU3,4664,683,47,48
CH44,1938,293,7,18
IV40,1103,620,12,12
S6,7108,701,55,49
OL4,3969,460,18,30
NG16,9385,821,65,54
SE6,1960,152,11,29
B73,2088,357,7,22
PH36,23633,2411,157,58
PA68,1080,421,11,15
DY1,1280,118,13,25
CO2,2905,364,40,39
WV1,506,78,8,17
M1,278,153,13,16
TQ5,7176,1235,92,52
LA19,850,235,10,22
BS2,28962,1559,16,32
PR6,61941,2358,37,40
AB42,21258,981,48,53
PE6,15004,1111,85,61
PA37,12333,2211,141,38
BS11,35688,2639,32,35
CH65,747,115,4,14
IV51,22129,1898,157,49
CA28,1712,300,18,31
G33,3634,281,18,24
SE8,772,94,11,24
HU3,411,78,14,22
RG9,18762,1636,102,68
MK44,128879,1353,61,61
PA27,951,235,92,22
PL3,1337,132,18,28
M28,4791,596,26,34
PE14,6175,366,40,40
HR2,12119,1364,82,68
HS2,676,152,10,3
M19,2650,608,15,24
NN6,15412,1557,76,64
LS8,1883,126,19,23
PA60,2062,659,13,22
G44,2113,226,19,26
LA2,52599,1921,91,51
RH12,11129,254,37,47
BR3,4171,189,21,41
TA4,5828,498,38,51
NG2,3742,402,56,39
BH21,28412,2175,167,75
CM1,5504,406,52,48
SO18,3914,284,25,39
TQ4,2623,382,34,42
NR9,8915,642,49,46
EH14,8781,1459,109,51
NR11,20296,2956,151,49
BH6,2206,398,46,39
SA62,62828,3122,284,75
LA8,7451,735,68,46
CH43,1277,109,16,20
LS14,930,176,15,24
TQ7,12998,1677,147,70
WF12,968,82,10,21
E14,1749,96,9,20
W6,559,84,17,29
CV3,4720,905,31,42
LL11,4587,651,53,46
DD1,180,57,15,18
G41,2295,241,22,27
CH42,451,39,5,15
TS10,2444,460,24,33
B60,28620,1512,54,37
RH17,10961,954,84,60
SP5,17130,1673,138,70
NW9,1576,97,8,25
SA4,11556,895,66,51
IP11,96754,2728,34,32
LS7,1007,102,12,22
PO10,4318,279,38,42
PA16,2661,429,20,33
RG20,28648,1058,65,51
BS7,49531,1354,19,27
PR7,37869,1745,47,46
EH8,3190,453,55,38
WF3,1191,121,15,22
HP13,17055,1290,29,45
B26,3447,919,10,23
BD21,642,73,8,20
S60,2396,309,27,41
HU8,1194,103,5,21
W1K,114,54,8,15
BH8,1445,267,17,28
AL1,3944,317,26,38
LL65,13632,1582,196,64
EX5,10430,987,79,61
ME9,11025,976,49,65
SW8,1160,113,11,26
DN40,996,169,10,23
LN1,4923,453,40,38
BS1,33798,1414,20,31
CA7,11281,899,80,48
NR34,79452,3962,66,52
IP13,70364,3674,38,43
BS4,44053,2574,34,41
WS11,2167,221,20,25
DA7,1597,64,8,23
RH13,11818,620,56,42
SR6,965,175,16,26
DL3,3554,150,22,31
NG19,4955,732,40,46
YO12,4065,672,60,41
LN5,5609,457,30,39
DN35,909,115,14,27
TQ9,8474,587,46,49
EH16,6232,664,72,46
SO15,3106,232,18,34
B13,3140,703,15,27
UB6,2267,177,20,35
CH1,4695,247,35,40
PA78,7519,677,50,37
RH5,17398,2155,120,60
N19,711,108,10,22
NP26,4995,821,45,51
M12,477,229,9,15
ZE2,4638,768,56,26
PA34,25905,3083,260,50
TR23,1520,498,20,17
DT3,11926,1278,79,61
NE15,2820,247,15,28
TR13,8939,1398,62,50
GL13,17413,1539,12,34
TN14,12297,839,46,57
BS21,78917,3388,39,48
KY3,3894,569,61,41
SO14,847,207,25,33
W2,295,118,23,27
WC1X,74,32,5,17
TS18,1474,192,16,22
HA8,1760,196,8,26
B31,7357,831,19,28
HD1,784,157,14,20
NG7,1409,189,48,32
WV14,805,101,7,20
GL53,26467,1919,32,48
NP18,5264,756,43,44
SL3,13192,1031,29,44
SW3,326,139,12,25
CR4,3507,235,17,39
PO2,1204,178,11,27
OL9,1090,238,13,20
LL12,3550,454,54,44
S42,11881,1069,40,47
FK8,11868,1310,311,62
HA0,1657,92,6,21
N4,396,69,16,26
SW17,1066,95,17,33
LL62,2005,638,54,42
TQ2,2747,370,16,33
CT17,2916,582,51,44
W1F,8,5,2,6
S11,6849,852,69,48
W1T,249,46,4,14
BA1,87772,2598,53,51
IV3,3896,929,194,41
LL67,4108,703,60,31
M8,1338,471,15,23
B30,4185,684,13,27
IV11,1232,386,48,28
CR2,5057,185,16,28
ST18,6951,666,43,45
BS5,43373,2119,24,34
LL22,4898,428,34,45
GL15,44654,2924,69,53
ZE2,5989,688,35,20
PL13,5306,826,58,48
PL30,12741,1579,58,51
NG23,11804,724,66,51
W5,2750,115,12,30
SE13,1462,80,14,26
HD4,2936,272,24,30
PA22,1351,459,53,26
PO14,7658,400,42,46
PA29,4420,885,90,33
NN14,15226,1068,52,45
BA22,6474,932,35,41
PO21,3556,305,17,37
SN14,22251,1623,47,45
HP11,10638,1087,14,37
BS15,43108,2006,15,25
PE20,3026,394,26,36
DD3,1771,258,120,29
SG4,14671,869,37,50
CH3,11326,554,35,47
PE34,4776,383,32,36
LL30,4920,1176,57,42
GL51,22023,1372,28,39
SW9,897,60,5,18
M6,688,246,15,25
L7,4295,792,10,16
RG40,9628,798,51,52
DA2,3945,484,29,45
SK10,6271,380,51,44
SM5,4245,171,17,38
YO11,2893,642,74,37
SY5,84397,4785,813,56
CF32,6866,1101,119,61
KY14,6939,438,117,41
DN17,6737,631,53,44
BH15,2342,310,44,33
AB10,7275,525,111,31
SN15,8148,708,57,49
SA73,7490,1001,64,43
HG3,11813,1223,53,44
IV40,19424,2485,160,47
PR2,36476,1605,44,37
TN25,12572,781,45,54
HU9,508,63,10,22
KA28,1340,449,24,21
BR2,6646,540,23,44
SA13,8581,1027,83,43
TR3,6638,1045,42,47
EH4,4541,706,85,47
OL11,14705,1340,27,37
NW3,1798,216,25,37
NG5,4132,284,45,35
PA46,854,352,11,19
ME15,5347,548,37,51
PA47,856,166,7,20
IV24,4863,1113,101,41
IV54,10200,2060,145,42
SE16,651,75,5,17
SP11,9043,498,57,49
LN12,1665,427,23,32
EX2,5047,285,41,46
PR9,21960,1854,30,39
KW8,2326,701,50,32
OL16,7043,971,19,31
PL11,3205,718,31,46
LL68,2952,645,65,37
FY6,10698,1167,37,38
W1G,60,31,2,9
SA14,5996,798,53,45
EH32,5034,678,38,35
KW17,809,139,5,11
SW11,810,116,18,31
L20,8860,965,17,26
DT5,10261,1418,116,42
LE12,32428,2043,120,78
EH12,5249,744,81,36
CT15,7439,1071,48,51
CH8,8739,715,94,48
B66,799,307,1,13
S3,421,175,13,24
CH41,1107,232,4,20
PA28,9388,971,47,52
LS6,1425,134,20,26
LL13,9592,1701,88,54
SE15,1009,158,11,26
OL12,24099,1570,35,37
DG5,7987,988,229,47
DG9,6800,1057,179,49
DE22,9180,1269,45,56
ST4,2680,239,22,34
TS24,529,167,10,19
GL14,40652,3068,45,48
BR1,2870,235,18,38
EH6,1498,325,37,33
PA1,669,148,10,22
GL6,78972,3842,75,50
FK10,5268,591,131,45
LS17,6083,413,35,36
PA64,2540,649,17,17
CV6,2387,524,14,26
S2,1544,323,18,34
HA5,4293,218,20,35
CO6,26713,1943,49,52
FK7,4243,531,79,40
MK17,48021,1937,47,62
B14,3678,777,9,24
WR13,31229,2013,73,49
TA8,9770,929,20,34
CH2,3896,333,45,34
NR23,3204,567,52,47
EN1,2856,108,14,22
SS2,2041,280,14,23
TN11,9189,770,47,59
CV7,8604,1051,27,39
HA7,1657,279,15,23
SO21,11661,629,68,56
AB15,9094,631,396,46
CV5,3563,593,14,30
SW2,508,111,10,20
TA6,3042,236,20,33
NE4,392,58,4,16
E10,1173,250,22,34
TQ14,3365,346,26,44
SA67,10631,1132,67,55
DY4,655,132,5,18
DN14,11249,973,74,48
CO1,1141,208,25,30
SM3,1568,132,15,28
CA4,4377,609,33,40
KW17,72,42,4,9
OL6,6038,676,19,28
EH9,2200,337,43,32
PR3,60165,1776,61,49
NE11,1002,160,10,25
B76,3646,759,17,34
RG7,35741,1222,102,56
PA44,12203,733,30,34
GL54,99745,3687,108,56
N18,861,52,3,13
N11,2692,108,11,27
CM6,4204,276,41,41
E9,855,84,12,25
ST7,4576,290,22,30
B18,145,57,3,11
SW10,219,113,8,16
CO14,611,121,12,26
LE7,29949,1333,90,69
WR9,44862,1792,78,42
ME11,1367,191,11,28
L36,12783,1503,14,24
SE21,1663,183,15,30
M24,6667,814,27,34
L15,10940,1452,12,23
G4,547,107,10,16
KA1,2184,305,23,32
CV8,10610,1264,46,49
TW5,897,75,7,20
NR30,6264,909,29,28
E13,138,28,3,12
RH1,15588,1155,46,47
NP12,3000,550,20,28
NR31,30223,2303,49,39
KA10,1278,191,31,21
WN6,20590,1190,27,37
KA3,3288,363,40,34
ML1,4320,269,25,39
LL19,2086,239,30,33
WA2,5873,821,37,29
CH66,3037,164,7,19
G74,2333,424,27,31
E3,1203,149,14,26
G12,2649,201,42,34
YO19,7702,698,55,47
WV2,179,33,4,9
UB1,186,53,2,15
NR16,6947,575,46,48
SN3,3229,312,25,31
HU12,4699,435,50,45
FK3,1071,339,45,30
SA65,7397,846,35,35
S9,1986,279,21,32
TS19,1007,122,5,13
M22,4271,823,15,32
KW17,5519,852,86,39
KT5,1620,105,11,27
SK5,1557,349,19,26
FY5,9476,1018,26,28
ST17,4727,741,46,43
DY11,11744,1418,51,34
DG16,1281,290,15,27
NW4,1118,65,5,20
SE2,661,109,6,18
PO18,8833,701,70,56
HP18,37861,1356,52,53
BB11,19739,1182,28,27
IV2,17622,2125,487,63
EN3,930,177,15,31
L23,10412,1166,18,28
BR7,2464,297,17,37
B97,12548,1257,24,32
L1,2956,643,15,16
MK19,17491,1101,20,46
IP3,97168,2938,28,36
OL7,2181,535,11,21
KA22,338,78,8,18
SG13,9292,725,31,47
SM2,2482,295,17,38
PA30,358,141,23,19
CV33,5545,1079,23,37
DY12,36532,3772,344,46
CT2,6828,602,42,53
HP6,11072,821,12,35
KY16,11542,1058,201,49
HS6,84,49,4,4
BA2,137703,3170,59,60
M21,9600,960,21,36
PH36,5815,1238,24,20
WA5,19068,1215,65,36
GU24,8014,1361,65,49
NP11,3492,336,21,30
CM12,1728,167,16,26
HS2,14,5,2,3
CH49,1718,116,11,22
S81,6644,693,50,47
CA8,14143,1371,70,47
BS39,95570,3112,32,45
PL2,769,131,8,21
MK45,110384,2340,130,61
OX10,8864,1047,105,54
WS15,5633,539,32,35
HX4,1083,272,19,29
BA14,5688,814,41,48
TF8,11552,2408,251,33
AL10,3480,385,16,31
LL62,1085,287,18,21
CV47,8103,1132,32,40
TS10,36,23,2,4
PO6,94,16,1,3
NW2,1,1,1,1
M61,73,60,7,10
B45,9539,1118,33,31
B90,5480,1059,14,31
BA11,8392,662,44,46
BA12,10626,1113,80,53
BD16,1,1,1,1
BN18,5542,529,83,55
BS99,98,88,1,1
CF64,3530,448,60,39
CM4,1968,295,23,28
DA6,1164,108,5,19
E4,2533,235,19,35
G1,95,35,1,5
G3,9,5,1,3
G67,2733,383,22,28
HD8,4103,339,28,37
HP1,5700,721,15,42
HS6,55,43,5,8
IP12,237307,5387,134,68
IV22,536,173,7,11
IV31,2304,566,59,39
IV54,38,28,2,2
IV55,417,185,14,12
IV55,90,69,6,4
KA6,6813,714,119,40
KW7,554,276,28,22
L69,36,19,3,5
LE2,12920,838,64,65
LL40,13620,1866,105,55
LL49,2264,622,35,42
LS99,7,5,1,2
M30,2534,459,22,30
M60,63,50,6,5
NE1,126,70,5,14
NE19,6288,764,25,31
NE28,911,128,10,20
NE7,993,127,11,24
NN15,3348,266,21,35
PA31,1847,470,4,9
PA34,315,174,7,12
PA67,10,5,1,4
PA69,1431,460,13,15
PA73,71,28,3,7
PE19,24277,1333,51,56
PH40,1401,504,30,27
S43,8503,915,28,41
SG2,6498,486,21,41
SK16,2039,378,8,26
SS99,5,3,1,3
SW7,151,83,21,25
SY8,31935,2571,306,51
TN17,18303,1180,63,58
TR12,582,181,32,7
TR23,286,134,5,4
W13,1795,104,11,27
W1A,4,3,2,3
WC2E,11,11,3,7
WN3,4101,623,18,38
YO17,8372,645,42,42
ZE2,1944,272,6,5
ZE2,30,12,3,3
