Laboratory_ id,Sample_id,Lake,Fish_species_common_name,Fish_species_latin_name,Site_name_or_number,Date_fish_sampled,Gutted_ashed_fish_mass_in_grams,Gutted_fresh_fish_mass_in_grams,Ratio_of_wet_fish_mass_to_ashed_fish_mass ,Li_mg_kg_quantitative,Be_<,Be_mg_kg_quantitative,Na_ICPOES_mg_kg_quantitative,Mg_ICPOES_mg_kg_quantitative,Al_<,Al_mg_kg_quantitative,P_ICPOES_mg_kg_quantitative,S_mg_kg_semi_quantitative,K_ICPOES_mg_kg_quantitative,Ca_ICPOES_mg_kg_quantitative,Ti_mg_kg_quantitative,Mn_mg_kg_quantitative,Fe_ICPOES_mg_kg_quantitative,Co_<,Co_mg_kg_quantitative,Ni_<,Ni_mg_kg_quantitative,Cu_mg_kg_quantitative,Zn_mg_kg_quantitative,Se_<,Se_mg_kg_quantitative,Br_<,Br_mg_kg_semi_quantitative,Rb_mg_kg_quantitative,Sr_mg_kg_quantitative,Y_mg_kg_semi_quantitative,Zr_<,Zr_mg_kg_semi_quantitative,Nb_<,Nb_mg_kg_semi_quantitative,Mo_<,Mo_mg_kg_quantitative,Rh_<,Rh_mg_kg_semi_quantitative,Pd_<,Pd_mg_kg_semi_quantitative,Cd_mg_kg_quantitative,Sn_<,Sn_mg_kg_semi_quantitative,Sb_<,Sb_mg_kg_quantitative,Cs_mg_kg_quantitative,Ba_mg_kg_quantitative,La_<,La_mg_kg_quantitative,Ce_<,Ce_mg_kg_quantitative,Pr_<,Pr_mg_kg_quantitative,Nd_<,Nd_mg_kg_semi_quantitative,Sm_<,Sm_mg_kg_semi_quantitative,Eu_<,Eu_mg_kg_semi_quantitative,Gd_<,Gd_mg_kg_semi_quantitative,Tb_<,Tb_mg_kg_semi_quantitative,Dy_<,Dy_mg_kg_semi_quantitative,Ho_<,Ho_mg_kg_semi_quantitative,Er_<,Er_mg_kg_semi_quantitative,W_<,W_mg_kg_quantitative,Tl_<,Tl_mg_kg_semi_quantitative,Pb_mg_kg_quantitative,U_<,U_mg_kg_quantitative
el32412x10,RCK17,Derwent Water,Roach,Rutilus rutilus,Site 3,05/09/2012,2.59,68.3,26.4,7.70E-01,<,8.73E-04,6.30E+02,3.60E+02,,4.25E-01,6.60E+03,2.36E+02,2.58E+03,1.05E+04,1.60E+01,7.85E+00,8.69E+00,,3.41E-04,<,7.59E-05,5.69E-01,3.55E+01,,2.31E-02,,1.22E+00,6.45E+00,3.47E+01,4.94E-04,,1.06E-03,<,3.44E-05,,1.21E-02,,1.14E-04,,6.08E-04,2.61E-02,,9.46E-03,<,2.66E-04,4.82E-02,1.56E+00,,2.20E-03,,1.75E-03,,3.79E-04,,7.98E-04,,3.80E-05,,3.80E-05,,1.52E-04,,3.80E-05,,1.14E-04,<,3.79E-05,,3.80E-05,<,4.93E-04,,3.04E-04,2.67E-02,,1.90E-04
el32409x10,RCK18,Derwent Water,Roach,Rutilus rutilus,Site 2,05/09/2012,2.74,83.8,30.6,1.92E+00,<,7.52E-04,5.76E+02,3.34E+02,,3.34E-01,5.62E+03,2.38E+02,2.71E+03,8.63E+03,1.30E+01,1.30E+01,8.37E+00,,5.89E-04,<,6.54E-05,6.25E-01,3.86E+01,,2.32E-02,,1.10E+00,8.60E+00,3.13E+01,3.93E-04,,8.52E-04,,2.62E-04,,1.28E-02,,6.55E-05,,2.95E-04,2.72E-02,,1.35E-02,<,2.29E-04,6.28E-02,1.45E+00,,1.37E-03,,1.14E-03,,2.94E-04,,4.91E-04,,1.31E-04,,1.31E-04,,1.97E-04,,1.31E-04,,1.31E-04,,9.83E-05,,6.55E-05,,1.11E-03,,9.83E-05,3.89E-02,,1.64E-04
el32414x10,RCK19,Derwent Water,Roach,Rutilus rutilus,Site 5,05/09/2012,5.26,132.2,25.1,3.15E-01,<,9.15E-04,5.17E+02,3.84E+02,,3.67E-01,6.93E+03,2.71E+02,2.81E+03,1.12E+04,1.64E+01,6.61E+00,9.87E+00,,2.63E-03,<,7.96E-05,4.54E-01,2.91E+01,,3.43E-02,,1.17E+00,3.22E+01,3.22E+01,3.19E-04,,1.64E-03,<,3.62E-05,,9.47E-03,,1.20E-04,,5.19E-04,4.22E-02,,7.82E-03,<,2.79E-04,7.40E-02,1.51E+00,,1.83E-03,,1.23E-03,,2.39E-04,,6.78E-04,,7.98E-05,,7.98E-05,,7.98E-05,<,3.98E-05,,7.98E-05,,3.99E-05,,3.99E-05,,8.76E-04,,2.75E-03,8.96E-02,,3.98E-04
el32411x10,RCK20,Derwent Water,Roach,Rutilus rutilus,Site 3,05/09/2012,9.11,183.9,20.2,1.63E-01,<,1.14E-03,6.09E+02,3.97E+02,,7.13E-01,8.42E+03,3.59E+02,2.56E+03,1.49E+04,2.14E+01,5.40E+00,1.23E+01,<,9.91E-05,<,9.91E-05,3.69E-01,2.37E+01,,6.84E-02,,2.11E+00,9.21E+00,4.14E+01,5.45E-04,,1.58E-03,<,4.49E-05,,8.27E-03,,1.49E-04,,7.92E-04,4.34E-02,,4.26E-03,<,3.47E-04,1.32E-01,1.59E+00,,2.38E-03,,1.63E-03,,2.97E-04,,7.43E-04,,1.49E-04,,4.95E-05,,1.49E-04,<,4.95E-05,,1.49E-04,,4.95E-05,,4.95E-05,<,6.44E-04,,2.13E-03,2.16E-01,,1.98E-04
el32413x10,RCK21,Derwent Water,Roach,Rutilus rutilus,Site 5,05/09/2012,1.89,44.5,23.6,6.75E-01,<,9.76E-04,5.01E+02,3.95E+02,,4.63E-01,7.30E+03,3.80E+02,3.04E+03,1.18E+04,1.81E+01,5.86E+00,8.19E+00,<,8.49E-05,<,8.49E-05,7.00E-01,3.84E+01,,3.35E-02,,1.23E+00,9.59E+00,3.97E+01,2.98E-04,,7.65E-04,,4.25E-05,,9.64E-03,,4.25E-05,,6.80E-04,2.48E-02,,1.63E-02,<,2.97E-04,8.19E-02,1.52E+00,,1.70E-03,,1.23E-03,,4.67E-04,,5.95E-04,,2.13E-04,,4.25E-04,,3.40E-04,,3.83E-04,,3.83E-04,,4.25E-04,,3.83E-04,<,5.52E-04,,2.08E-03,3.85E-02,,1.27E-04
el32407x10,RCK22,Derwent Water,Roach,Rutilus rutilus,Site 2,05/09/2012,1.41,34.3,24.3,5.42E-01,<,9.45E-04,5.14E+02,3.88E+02,,1.01E+00,7.07E+03,3.86E+02,2.87E+03,1.14E+04,1.67E+01,7.40E+00,1.04E+01,,3.70E-04,<,8.22E-05,6.90E-01,3.54E+01,,4.02E-02,,9.38E-01,8.18E+00,3.79E+01,7.76E-04,,1.35E-03,,1.23E-04,,9.86E-03,,1.63E-04,,1.23E-04,3.16E-02,,8.09E-03,<,2.88E-04,6.49E-02,1.55E+00,,1.68E-03,,1.36E-03,,4.52E-04,,8.17E-04,,4.49E-04,,3.27E-04,,3.68E-04,,3.27E-04,,2.86E-04,,3.68E-04,,2.04E-04,,1.44E-03,,8.99E-04,1.03E-01,,1.64E-04
el32406x10,RCK23,Derwent Water,Roach,Rutilus rutilus,Site 2,05/09/2012,1.20,30.2,25.1,4.38E-01,<,9.15E-04,5.49E+02,3.94E+02,,3.41E+00,6.81E+03,4.85E+02,2.77E+03,1.07E+04,1.64E+01,8.36E+00,1.03E+01,,3.98E-04,<,7.96E-05,3.77E-01,3.47E+01,,2.85E-02,,5.71E-01,7.12E+00,3.35E+01,8.37E-04,,1.51E-03,<,3.61E-05,,1.09E-02,,1.99E-04,,7.18E-04,3.01E-02,,1.07E-02,<,2.79E-04,5.85E-02,1.41E+00,,2.79E-03,,2.67E-03,,6.77E-04,,1.44E-03,,4.78E-04,,2.79E-04,,1.99E-04,,2.39E-04,,4.39E-04,,3.99E-04,,2.39E-04,,2.31E-03,,1.04E-03,5.81E-02,,1.99E-04
el32405x10,RCK24,Derwent Water,Roach,Rutilus rutilus,Site 2,05/09/2012,1.28,33.2,26.0,6.55E-01,<,8.86E-04,4.97E+02,3.84E+02,,6.12E-01,6.63E+03,3.46E+02,2.75E+03,1.05E+04,1.61E+01,5.62E+00,9.28E+00,,6.55E-04,<,7.70E-05,3.93E-01,3.58E+01,,2.62E-02,,5.50E-01,6.55E+00,3.39E+01,5.80E-04,,1.93E-04,,3.87E-05,,9.59E-03,,1.16E-04,,3.87E-04,2.95E-02,,1.10E-02,<,2.70E-04,4.47E-02,1.64E+00,,1.54E-03,,1.04E-03,,3.08E-04,,6.97E-04,<,3.85E-05,,1.55E-04,,1.93E-04,,1.16E-04,,3.87E-05,,1.16E-04,,1.55E-04,,8.47E-04,,7.74E-05,5.89E-02,,2.70E-04
el32410x10,RCK25,Derwent Water,Roach,Rutilus rutilus,Site 2,05/09/2012,21.3,448.5,21.1,6.17E-01,<,1.09E-03,7.12E+02,3.99E+02,,2.63E-01,8.21E+03,2.68E+02,2.70E+03,1.43E+04,2.07E+01,2.07E+01,1.00E+01,<,9.49E-05,<,9.49E-05,6.31E-01,2.43E+01,,2.62E-02,,1.07E+00,5.84E+00,5.03E+01,2.83E-04,,2.26E-03,<,4.28E-05,,1.68E-02,,1.89E-04,,1.89E-04,3.44E-02,,7.36E-03,<,3.32E-04,4.69E-02,4.67E+00,,1.04E-03,,8.07E-04,,1.42E-04,,1.89E-04,,1.42E-04,,9.43E-05,,9.43E-05,<,4.75E-05,,4.72E-05,<,4.75E-05,<,4.75E-05,,4.32E-03,,9.43E-05,1.29E-01,,5.22E-04
el32408x10,RCK26,Derwent Water,Roach,Rutilus rutilus,Site 2,05/09/2012,2.08,53.5,25.7,7.04E-01,<,8.95E-04,5.60E+02,3.63E+02,,1.82E+00,6.65E+03,3.06E+02,2.72E+03,1.09E+04,1.62E+01,1.62E+01,9.11E+00,,1.56E-04,<,7.78E-05,6.93E-01,3.32E+01,,2.12E-02,,1.04E+00,7.67E+00,3.89E+01,6.23E-04,,5.45E-04,,1.56E-04,,1.02E-02,,1.56E-04,,3.51E-04,1.95E-02,,1.31E-02,<,2.72E-04,6.58E-02,2.09E+00,,1.91E-03,,1.67E-03,,3.11E-04,,4.28E-04,,1.17E-04,,7.79E-05,,1.56E-04,,3.89E-05,,3.89E-05,,3.89E-05,<,3.89E-05,,9.34E-04,<,3.89E-05,5.56E-02,,5.06E-04
el32417x10,RCK27,Bassenthwaite Lake,Roach,Rutilus rutilus,Site 2,03/09/2012,2.47,60.35,24.4,4.75E-01,<,9.41E-04,5.57E+02,3.70E+02,,9.66E-01,7.12E+03,2.22E+02,2.73E+03,1.13E+04,1.84E+01,1.33E+01,1.10E+01,,5.12E-03,<,8.19E-05,4.50E-01,4.58E+01,,2.49E-02,,1.22E+00,5.48E+00,2.28E+01,7.39E-04,,1.56E-03,,4.10E-05,,1.13E-02,,4.10E-05,,2.87E-04,5.40E-02,,4.88E-03,<,2.86E-04,3.29E-02,3.45E+00,,1.47E-03,,2.01E-03,,3.27E-04,,6.16E-04,<,4.09E-05,,1.23E-04,,2.05E-04,<,4.09E-05,,1.64E-04,,4.10E-05,<,4.09E-05,,1.31E-03,,4.92E-04,6.10E-02,,4.91E-04
el32505x10,RCK28,Bassenthwaite Lake,Roach,Rutilus rutilus,Site 5,03/09/2012,2.39,52.49,22.0,7.83E-01,<,1.05E-03,6.92E+02,4.12E+02,,5.87E-01,7.97E+03,3.79E+02,4.78E+02,1.37E+04,2.03E+01,9.52E+00,1.12E+01,,1.27E-03,<,9.11E-05,4.55E-01,4.55E+01,,3.49E-02,,2.23E+00,5.87E+00,2.93E+01,6.83E-04,,6.38E-04,<,4.13E-05,,1.53E-02,,9.11E-05,,9.57E-04,6.19E-02,,2.10E-02,,5.92E-04,4.38E-02,4.30E+00,,1.05E-03,,1.23E-03,,2.73E-04,,5.01E-04,,3.64E-04,,1.82E-04,,1.82E-04,,1.82E-04,,2.28E-04,,1.37E-04,,1.82E-04,,4.51E-03,,2.28E-04,4.69E-02,,7.29E-04
el32420x10,RCK29,Bassenthwaite Lake,Roach,Rutilus rutilus,Site 5,03/09/2012,1.91,46.37,24.3,9.60E-01,<,9.47E-04,6.01E+02,3.93E+02,,8.24E-01,7.00E+03,1.62E+02,2.96E+03,1.10E+04,1.75E+01,6.67E+00,1.01E+01,,3.30E-04,<,8.24E-05,4.04E-01,3.86E+01,,4.12E-02,,9.21E-01,5.35E+00,2.00E+01,8.27E-05,,8.93E-04,<,3.75E-05,,1.11E-02,,1.65E-05,,1.99E-04,4.90E-02,,4.20E-03,<,2.88E-04,3.77E-02,2.25E+00,,8.65E-04,,1.07E-03,,2.47E-04,,2.15E-04,<,4.12E-05,,3.31E-05,,1.65E-05,,1.65E-05,,1.65E-05,,1.65E-05,<,4.12E-05,,6.18E-04,,3.64E-04,2.62E-02,,3.30E-04
el32506x10,RCK30,Bassenthwaite Lake,Roach,Rutilus rutilus,Site 5,03/09/2012,18.18,322.09,17.7,2.25E-01,<,1.30E-03,8.58E+02,4.55E+02,,2.08E+00,9.54E+03,4.42E+02,3.55E+03,1.72E+04,2.44E+01,1.65E+01,1.65E+01,,1.35E-02,<,1.13E-04,4.39E-01,2.70E+01,,5.81E-02,,1.85E+00,3.98E+00,3.06E+01,1.53E-03,,1.07E-03,,2.26E-04,,1.78E-02,,1.13E-04,,9.61E-04,1.10E-01,,3.25E-02,,1.69E-03,4.41E-02,4.83E+00,,2.26E-03,,3.67E-03,,6.21E-04,,1.36E-03,,2.26E-04,,1.70E-04,,4.52E-04,,2.26E-04,,2.83E-04,,2.26E-04,,1.70E-04,,3.10E-03,<,5.64E-05,1.33E-01,,1.52E-03
el32507x10,RCK31,Bassenthwaite Lake,Roach,Rutilus rutilus,Site 5,03/09/2012,16.04,336.7,21.0,2.70E-01,<,1.10E-03,7.57E+02,4.28E+02,,2.73E-01,8.34E+03,4.28E+02,2.37E+03,1.39E+04,2.05E+01,8.29E+00,1.24E+01,,3.05E-03,<,9.53E-05,4.32E-01,3.38E+01,,4.09E-02,,2.02E+00,3.69E+00,2.97E+01,3.34E-04,<,1.38E-03,<,4.33E-05,,1.61E-02,<,4.76E-05,,6.69E-04,7.15E-02,,4.54E-03,,5.72E-04,3.86E-02,6.43E+00,,8.57E-04,,8.10E-04,,1.43E-04,,3.82E-04,<,4.76E-05,,1.43E-04,,9.55E-05,,4.78E-05,,4.78E-05,<,4.76E-05,<,4.76E-05,,2.43E-03,,6.21E-04,1.01E-01,,7.62E-04
el32418x10,RCK32,Bassenthwaite Lake,Roach,Rutilus rutilus,Site 2,03/09/2012,6.99,164.74,23.6,2.35E-01,<,9.76E-04,6.53E+02,4.00E+02,,9.46E-01,7.34E+03,4.39E+02,2.94E+03,1.17E+04,1.79E+01,6.83E+00,1.07E+01,,1.49E-03,<,8.49E-05,5.98E-01,3.72E+01,,4.67E-02,,1.43E+00,5.47E+00,2.32E+01,5.52E-04,,3.82E-04,<,3.85E-05,,1.34E-02,,1.27E-04,,1.70E-04,5.73E-02,,4.46E-03,<,2.97E-04,3.64E-02,2.40E+00,,1.10E-03,,1.61E-03,,3.39E-04,,6.80E-04,,3.82E-04,,1.27E-04,,2.97E-04,,1.70E-04,,2.55E-04,,1.70E-04,,1.70E-04,,1.61E-03,,1.32E-03,2.95E-02,,6.36E-04
el32415x10,RCK33,Bassenthwaite Lake,Roach,Rutilus rutilus,Site 1,03/09/2012,5.16,110.58,21.4,2.00E-01,<,1.07E-03,6.30E+02,4.01E+02,,9.52E-01,7.89E+03,3.03E+02,2.80E+03,1.34E+04,1.97E+01,6.86E+00,1.24E+01,,1.07E-03,<,9.33E-05,4.15E-01,3.75E+01,,3.79E-02,,1.30E+00,3.37E+00,2.90E+01,3.74E-04,,1.31E-03,,4.68E-05,,1.44E-02,,1.87E-04,,7.95E-04,4.45E-02,,5.99E-03,<,3.27E-04,3.76E-02,3.06E+00,,9.80E-04,,1.40E-03,,2.33E-04,,5.62E-04,<,4.67E-05,,1.40E-04,,1.40E-04,<,4.67E-05,,1.40E-04,,4.68E-05,,4.68E-05,,1.26E-03,,3.74E-04,3.77E-02,,6.07E-04
el32416x10,RCK34,Bassenthwaite Lake,Roach,Rutilus rutilus,Site 2,03/09/2012,0.57,15.54,27.3,3.40E-01,<,8.44E-04,4.07E+02,3.41E+02,,8.99E+00,5.98E+03,2.53E+02,1.84E+03,9.98E+03,1.52E+01,1.63E+01,1.89E+01,,7.37E-03,<,7.34E-05,4.47E-01,5.17E+01,,3.29E-02,,4.81E-01,2.64E+00,2.23E+01,2.16E-03,,3.24E-03,,2.98E-04,,1.51E-02,,1.12E-04,,1.12E-04,5.21E-02,,6.30E-03,<,2.57E-04,2.27E-02,4.07E+00,,7.08E-03,,1.29E-02,,1.69E-03,,4.58E-03,,8.57E-04,,3.35E-04,,9.32E-04,,1.86E-04,,7.08E-04,,1.86E-04,,2.98E-04,,8.80E-04,,1.38E-03,2.05E-01,,7.34E-04
el32419x10,RCK35,Bassenthwaite Lake,Roach,Rutilus rutilus,Site 2,03/09/2012,1.22,37.33,30.6,4.44E-02,<,7.52E-04,4.25E+02,3.23E+02,,6.44E+00,5.59E+03,2.55E+02,2.29E+03,8.73E+03,1.36E+01,1.20E+01,1.62E+01,,5.23E-03,<,6.54E-05,3.16E-01,4.48E+01,,2.95E-02,,1.19E+00,4.44E+00,1.73E+01,1.44E-03,,1.38E-03,,1.31E-04,,9.09E-03,,9.83E-05,,3.28E-04,5.16E-02,,5.41E-03,<,2.29E-04,2.80E-02,2.04E+00,,4.71E-03,,8.46E-03,,1.24E-03,,2.82E-03,,6.55E-04,,3.93E-04,,9.83E-04,,3.60E-04,,7.54E-04,,3.60E-04,,3.60E-04,,1.60E-03,,1.08E-03,7.16E-02,,5.56E-04
el32508x10,RCK36,Windermere North Basin,Roach,Rutilus rutilus,Whitecross Bay,17/09/2012,5.83,159.2,27.3,9.41E-01,<,8.42E-04,4.21E+02,3.66E+02,,7.25E-01,6.37E+03,3.90E+02,2.39E+03,1.00E+04,1.58E+01,2.64E+00,1.11E+01,,1.68E-03,<,7.32E-05,1.12E+00,3.11E+01,,3.37E-02,,5.09E-01,3.16E+00,1.27E+01,4.40E-04,<,1.06E-03,,7.34E-05,,1.12E-02,,3.67E-05,<,3.66E-05,7.51E-03,,9.21E-03,,3.66E-04,1.68E-02,2.55E+00,,1.10E-03,,1.32E-03,,2.20E-04,,5.14E-04,,2.94E-04,,7.34E-05,,1.10E-04,<,3.66E-05,,7.34E-05,,3.67E-05,,3.67E-05,,1.03E-03,,1.50E-03,3.84E-02,,2.93E-04
el32509x10,RCK37,Windermere North Basin,Roach,Rutilus rutilus,Whitecross Bay,17/09/2012,7.06,157.3,22.3,1.72E-01,<,1.03E-03,5.21E+02,3.98E+02,,5.30E-01,7.72E+03,4.34E+02,3.26E+03,1.30E+04,1.90E+01,2.95E+00,1.18E+01,<,8.98E-05,<,8.98E-05,4.33E-01,2.92E+01,,3.75E-02,,8.83E-01,4.62E+00,1.90E+01,4.47E-04,<,1.29E-03,,4.47E-05,,9.43E-03,,4.47E-05,<,4.49E-05,7.85E-03,,1.06E-02,,5.84E-04,3.33E-02,2.79E+00,,1.30E-03,,1.26E-03,,2.69E-04,,3.58E-04,,1.34E-04,,1.79E-04,,8.94E-05,<,4.49E-05,,8.94E-05,,4.47E-05,<,4.49E-05,,1.44E-03,,2.37E-03,3.71E-02,,5.84E-04
el32516x10,RCK38,Windermere North Basin,Roach,Rutilus rutilus,Whitecross Bay,17/09/2012,10.62,240.1,22.6,8.09E-01,<,1.02E-03,5.97E+02,4.10E+02,,3.98E-01,7.96E+03,4.09E+02,2.96E+03,1.34E+04,2.04E+01,3.83E+00,1.04E+01,<,8.85E-05,<,8.85E-05,5.88E-01,3.16E+01,,2.86E-02,,8.62E-01,2.66E+00,1.51E+01,4.40E-04,,5.28E-04,,8.80E-05,,1.07E-02,,8.80E-05,<,4.42E-05,8.40E-03,,9.77E-03,,3.10E-04,2.10E-02,3.07E+00,,8.85E-04,,9.29E-04,,2.65E-04,,4.84E-04,,1.32E-04,,2.20E-04,,1.76E-04,,1.76E-04,,1.76E-04,,1.76E-04,,2.20E-04,,7.52E-04,,1.01E-03,4.15E-02,,4.42E-04
el32514x10,RCK39,Windermere North Basin,Roach,Rutilus rutilus,Whitecross Bay,17/09/2012,1.27,35.8,28.2,1.11E+00,<,8.16E-04,3.94E+02,3.45E+02,,9.36E-01,5.78E+03,3.24E+02,2.23E+03,9.04E+03,1.49E+01,2.22E+00,1.31E+01,,4.26E-04,<,7.09E-05,4.68E-01,3.83E+01,,3.03E-02,,4.92E-01,5.46E+00,8.30E+00,6.68E-04,,3.17E-04,,3.52E-05,,9.65E-03,<,3.55E-05,,3.52E-05,1.17E-02,,5.59E-03,,7.45E-04,2.12E-02,1.47E+00,,1.45E-03,,1.42E-03,,2.48E-04,,5.98E-04,<,3.55E-05,,7.04E-05,,2.11E-04,,3.52E-05,,1.06E-04,<,3.55E-05,,3.52E-05,<,4.61E-04,,1.13E-03,5.89E-02,,1.77E-04
el32515x10,RCK40,Windermere North Basin,Roach,Rutilus rutilus,Whitecross Bay,17/09/2012,1.21,29.9,24.7,5.91E-01,<,9.31E-04,4.37E+02,4.00E+02,,1.51E+00,6.88E+03,4.09E+02,2.71E+03,1.08E+04,1.69E+01,2.99E+00,1.29E+01,,1.42E-03,,7.69E-02,4.29E-01,3.55E+01,,3.61E-02,,7.24E-01,4.13E+00,1.05E+01,1.21E-03,,1.78E-03,,8.09E-05,,1.08E-02,<,4.05E-05,,1.21E-04,1.75E-02,,6.27E-03,,8.09E-04,1.49E-02,2.02E+00,,2.95E-03,,3.20E-03,,8.90E-04,,1.58E-03,,3.64E-04,,4.04E-04,,6.47E-04,,6.06E-04,,9.70E-04,,6.06E-04,,5.66E-04,<,5.26E-04,,2.39E-03,4.17E-02,,2.83E-04
el32517x10,RCK41,Windermere North Basin,Roach,Rutilus rutilus,Rayrigg Bay,17/09/2012,2.67,71.6,26.8,6.86E-01,<,8.58E-04,4.85E+02,3.84E+02,,6.86E-01,6.64E+03,3.51E+02,2.35E+03,1.09E+04,1.66E+01,2.36E+00,8.47E+00,<,7.46E-05,<,7.46E-05,5.67E-01,3.11E+01,,2.72E-02,,9.46E-01,5.97E+00,1.15E+01,7.04E-04,,2.11E-03,,7.41E-05,,1.04E-02,<,3.73E-05,<,3.73E-05,9.59E-03,,5.97E-03,,7.09E-04,3.25E-02,2.05E+00,,1.64E-03,,1.57E-03,,4.10E-04,,8.52E-04,,1.48E-04,,1.85E-04,,3.34E-04,,2.59E-04,,2.97E-04,,2.22E-04,,2.22E-04,,7.83E-04,,1.67E-03,3.26E-02,,2.61E-04
el32512x10,RCK42,Windermere North Basin,Roach,Rutilus rutilus,Whitecross Bay,17/09/2012,5.79,139.2,24.0,6.82E-01,<,9.57E-04,6.03E+02,3.70E+02,,4.99E+00,7.07E+03,2.57E+02,2.75E+03,1.17E+04,1.76E+01,3.04E+00,1.86E+01,,2.50E-04,<,8.32E-05,6.37E-01,3.12E+01,,3.13E-02,,1.28E+00,5.08E+00,1.76E+01,1.42E-03,,5.84E-04,,4.17E-05,,9.99E-03,<,4.16E-05,,1.25E-04,8.07E-03,,8.05E-03,,7.07E-04,2.56E-02,2.01E+00,,2.79E-03,,4.87E-03,,7.07E-04,,1.63E-03,,5.01E-04,,1.25E-04,,5.84E-04,,1.25E-04,,4.17E-04,,8.34E-05,,1.67E-04,,8.32E-04,,6.26E-04,2.94E-02,,2.50E-04
el32511x10,RCK43,Windermere North Basin,Roach,Rutilus rutilus,Whitecross Bay,17/09/2012,5.41,136.3,25.2,7.50E-01,<,9.13E-04,4.84E+02,3.66E+02,,5.52E-01,6.95E+03,2.33E+02,2.79E+03,1.14E+04,1.76E+01,2.03E+00,9.45E+00,,5.16E-04,<,7.94E-05,5.04E-01,3.04E+01,,2.29E-02,,8.88E-01,3.27E+00,1.11E+01,7.95E-04,<,1.15E-03,<,3.61E-05,,9.05E-03,,7.95E-05,,3.98E-05,1.14E-02,,5.21E-03,,9.53E-04,2.02E-02,1.94E+00,,1.31E-03,,1.35E-03,,3.57E-04,,4.37E-04,,1.19E-04,,2.39E-04,,2.39E-04,,1.59E-04,,2.39E-04,,1.19E-04,,1.99E-04,,6.75E-04,,9.15E-04,2.81E-02,,3.18E-04
el32510x10,RCK44,Windermere North Basin,Roach,Rutilus rutilus,Whitecross Bay,17/09/2012,1.74,47.9,27.5,7.48E-01,<,8.35E-04,4.03E+02,3.48E+02,,1.65E+00,6.10E+03,3.11E+02,2.15E+03,9.77E+03,1.52E+01,2.37E+00,1.05E+01,<,7.27E-05,,4.32E-03,6.76E-01,3.41E+01,,3.04E-02,,1.10E+00,4.58E+00,9.48E+00,5.45E-04,<,1.05E-03,,3.64E-05,,9.12E-03,,3.64E-05,,3.64E-05,8.39E-03,,8.76E-03,,6.90E-04,1.83E-02,1.86E+00,,1.82E-03,,1.93E-03,,3.27E-04,,7.27E-04,,1.45E-04,,1.09E-04,,2.18E-04,,3.64E-05,,1.45E-04,,3.64E-05,,3.64E-05,,5.45E-04,,2.62E-03,3.63E-02,,4.00E-04
el32513x10,RCK45,Windermere North Basin,Roach,Rutilus rutilus,Whitecross Bay,17/09/2012,1.44,39.5,27.5,8.45E-01,<,8.38E-04,3.58E+02,3.30E+02,,5.24E-01,6.30E+03,2.73E+02,2.36E+03,1.00E+04,1.53E+01,3.02E+00,8.38E+00,<,7.28E-05,<,7.28E-05,5.14E-01,3.26E+01,,1.94E-02,,6.88E-01,2.91E+00,8.74E+00,1.02E-03,,6.93E-04,,3.65E-05,,9.72E-03,,3.65E-05,<,3.64E-05,1.10E-02,,5.25E-03,,6.56E-04,1.34E-02,1.74E+00,,1.97E-03,,1.93E-03,,8.38E-04,,9.12E-04,,8.39E-04,,7.29E-04,,7.29E-04,,7.66E-04,,8.02E-04,,8.39E-04,,8.02E-04,,1.38E-03,,1.60E-03,2.99E-02,,2.55E-04
el32518x10,RCM1,Windermere South Basin,Roach,Rutilus rutilus,Rawlinsons Nab,18/09/2012,1.76,44.6,25.3,6.12E-01,<,9.08E-04,3.71E+02,3.51E+02,,7.62E-01,6.87E+03,3.79E+02,2.85E+03,1.14E+04,1.79E+01,5.29E+00,6.91E+00,<,7.89E-05,<,7.89E-05,4.22E-01,3.36E+01,,2.43E-02,,7.57E-01,3.70E+00,1.18E+01,3.95E-04,,1.14E-03,<,3.58E-05,,7.34E-03,,3.95E-05,<,3.95E-05,4.89E-03,,6.36E-03,,6.31E-04,1.55E-02,2.62E+00,,1.07E-03,,1.26E-03,,3.16E-04,,4.34E-04,,1.97E-04,,2.37E-04,,2.76E-04,,1.97E-04,,3.16E-04,,2.37E-04,,2.37E-04,<,5.13E-04,,1.58E-03,3.10E-02,,2.76E-04
el32519x10,RCM2,Windermere South Basin,Roach,Rutilus rutilus,Rawlinsons Nab,18/09/2012,1.29,33.71,26.1,7.23E-01,<,8.80E-04,5.01E+02,4.36E+02,,5.01E-01,6.39E+03,3.96E+02,2.21E+03,1.06E+04,1.67E+01,5.13E+00,1.05E+01,<,7.65E-05,<,7.65E-05,5.24E-01,2.76E+01,,2.10E-02,,7.91E-01,3.20E+00,9.87E+00,6.11E-04,,6.49E-04,<,3.46E-05,,9.99E-03,,3.82E-05,<,3.83E-05,6.70E-03,,8.28E-03,,8.04E-04,9.22E-03,1.87E+00,,1.15E-03,,1.26E-03,,3.44E-04,,7.63E-04,<,3.83E-05,,1.53E-04,,2.67E-04,,2.67E-04,,2.67E-04,,2.29E-04,,2.29E-04,<,4.97E-04,,1.34E-03,4.02E-02,,1.91E-04
el32816x10,RCM3,Bassenthwaite Lake,Perch,Perca fluviatillis,Site 5,03/09/2012,3.38,66.0,19.5,2.60E+00,<,1.18E-03,8.55E+02,4.29E+02,,1.93E+00,9.27E+03,3.22E+02,3.34E+03,1.55E+04,2.02E+01,7.58E+00,8.76E+00,,1.79E-03,<,1.02E-04,4.51E-01,1.52E+01,,2.14E-02,,1.67E+00,8.09E+00,1.99E+01,7.70E-04,<,1.48E-03,,5.13E-05,,2.15E-03,<,5.12E-05,,6.67E-04,2.35E-02,,6.72E-03,,6.66E-04,7.27E-02,1.31E+00,,2.25E-03,,3.79E-03,,4.61E-04,,1.08E-03,,1.54E-04,,1.03E-04,,2.05E-04,,5.13E-05,,2.05E-04,<,5.12E-05,<,5.12E-05,<,6.66E-04,<,5.12E-05,5.79E-02,,1.54E-04
el32817x10,RCM4,Bassenthwaite Lake,Perch,Perca fluviatillis,Site 5,03/09/2012,5.29,88.3,16.7,1.03E+00,<,1.38E-03,9.70E+02,4.43E+02,,3.40E-01,1.08E+04,3.39E+02,3.12E+03,1.91E+04,2.37E+01,1.21E+01,8.56E+00,<,1.20E-04,<,1.20E-04,2.01E-01,1.64E+01,,3.71E-02,,3.37E+00,7.73E+00,2.30E+01,5.99E-04,<,1.73E-03,<,5.43E-05,,1.80E-03,,5.99E-05,,5.99E-04,2.58E-02,,6.47E-03,<,4.19E-04,8.44E-02,1.55E+00,,8.98E-04,,1.02E-03,,1.80E-04,,4.19E-04,,5.99E-05,<,5.99E-05,,5.99E-05,<,5.99E-05,<,5.99E-05,<,5.99E-05,<,5.99E-05,<,7.79E-04,,1.80E-04,5.06E-02,,1.20E-04
el32818x10,RCM5,Bassenthwaite Lake,Perch,Perca fluviatillis,Site 5,03/09/2012,4.53,86.3,19.0,7.19E-01,<,1.21E-03,8.88E+02,4.00E+02,,1.90E+00,8.98E+03,3.27E+02,3.09E+03,1.53E+04,2.13E+01,1.18E+01,1.23E+01,,1.79E-03,<,1.05E-04,2.40E-01,1.53E+01,,2.29E-02,,1.95E+00,8.09E+00,2.21E+01,6.81E-04,,4.72E-04,<,4.75E-05,,3.15E-03,<,5.25E-05,,3.15E-04,3.17E-02,,5.82E-03,,4.73E-04,6.72E-02,1.33E+00,,2.63E-03,,4.78E-03,,5.78E-04,,1.10E-03,,2.62E-04,,1.05E-04,,1.57E-04,,1.05E-04,,2.10E-04,<,5.25E-05,<,5.25E-05,<,6.83E-04,<,5.25E-05,3.98E-02,,5.25E-05
el32819x10,RCM6,Bassenthwaite Lake,Perch,Perca fluviatillis,Site 1,03/09/2012,1.9,28.1,14.8,4.78E-02,<,1.56E-03,9.55E+02,5.19E+02,,8.33E-01,1.17E+04,5.30E+02,3.64E+03,2.03E+04,2.54E+01,3.01E+01,1.35E+01,,9.48E-04,<,1.35E-04,4.10E-01,1.92E+01,,6.36E-02,,3.54E+00,6.16E+00,2.87E+01,6.75E-04,,6.75E-05,<,6.12E-05,,3.25E-03,,6.75E-05,,5.40E-04,3.82E-02,,5.67E-03,,6.77E-04,7.25E-02,2.41E+00,,1.63E-03,,2.17E-03,,5.42E-04,,9.44E-04,,3.37E-04,,4.72E-04,,4.72E-04,,5.40E-04,,6.75E-04,,5.40E-04,,2.70E-04,<,8.81E-04,,3.31E-03,1.04E-01,,2.03E-04
el32820x10,RCM7,Bassenthwaite Lake,Perch,Perca fluviatillis,Site 1,03/09/2012,3.24,51.2,15.8,1.10E+00,<,1.45E-03,9.61E+02,4.77E+02,,5.31E-01,1.11E+04,6.31E+02,3.46E+03,1.91E+04,2.38E+01,2.43E+01,1.03E+01,,1.71E-03,<,1.26E-04,3.48E-01,1.62E+01,,6.24E-02,,3.24E+00,5.77E+00,2.49E+01,1.07E-03,<,1.82E-03,<,5.71E-05,,2.09E-03,,6.30E-05,,3.15E-04,1.95E-02,,7.31E-03,,5.69E-04,6.13E-02,1.56E+00,,1.45E-03,,1.71E-03,,9.48E-04,,1.13E-03,,7.56E-04,,1.01E-03,,7.56E-04,,1.07E-03,,1.26E-03,,1.32E-03,,1.13E-03,<,8.22E-04,,3.78E-03,5.19E-02,,1.26E-04
el32905x10,RCM8,Bassenthwaite Lake,Perch,Perca fluviatillis,Site 1,03/09/2012,3.48,62.1,17.8,3.28E-01,<,1.29E-03,8.30E+02,4.07E+02,,1.09E+00,9.53E+03,4.87E+02,2.91E+03,1.64E+04,2.19E+01,1.84E+01,8.52E+00,<,1.12E-04,<,1.12E-04,1.72E-01,1.49E+01,,5.55E-02,,1.54E+00,6.05E+00,2.23E+01,5.04E-04,,1.63E-03,<,5.08E-05,<,2.80E-04,,1.12E-04,<,5.60E-05,2.96E-02,,9.19E-03,<,3.92E-04,6.50E-02,1.79E+00,,4.48E-04,,6.17E-04,<,1.12E-04,,2.80E-04,,2.24E-04,,1.12E-04,,1.68E-04,<,5.60E-05,,1.12E-04,,5.60E-05,<,5.60E-05,<,7.29E-04,,3.14E-03,4.52E-02,<,5.60E-05
el32906x10,RCM9,Bassenthwaite Lake,Perch,Perca fluviatillis,Site 2,03/09/2012,1.88,37.6,20.0,1.85E-01,<,1.15E-03,7.36E+02,4.06E+02,,8.91E-01,8.81E+03,5.08E+02,3.17E+03,1.47E+04,2.08E+01,1.14E+01,8.36E+00,<,1.00E-04,<,1.00E-04,1.91E-01,1.45E+01,,3.90E-02,,1.49E+00,5.36E+00,2.02E+01,4.01E-04,,3.00E-04,<,4.54E-05,<,2.50E-04,,1.00E-04,,5.01E-04,2.96E-02,,7.46E-03,<,3.50E-04,5.86E-02,1.42E+00,,7.01E-04,,1.15E-03,<,1.00E-04,,4.01E-04,,5.01E-05,,5.01E-05,,5.01E-05,<,5.01E-05,,5.01E-05,,5.01E-05,,5.01E-05,<,6.51E-04,,6.06E-03,5.81E-02,<,5.01E-05
el32805x10,RCM10,Derwent Water,Perch,Perca fluviatillis,Site 2,05/09/2012,5.53,98.7,17.8,9.53E-01,<,1.29E-03,8.63E+02,4.27E+02,,2.48E-01,9.86E+03,4.90E+02,3.05E+03,1.69E+04,2.24E+01,1.59E+01,5.66E+00,<,1.12E-04,<,1.12E-04,1.99E-01,1.17E+01,,5.30E-02,,2.43E+00,1.22E+01,5.36E+01,5.61E-04,,1.07E-03,<,5.08E-05,,2.24E-03,,1.68E-04,,5.61E-05,1.50E-02,,3.31E-03,,4.48E-04,1.28E-01,1.77E+00,,1.51E-03,,1.18E-03,,2.24E-04,,3.92E-04,,5.61E-05,,5.61E-05,<,5.60E-05,<,5.60E-05,,5.61E-05,,5.61E-05,,5.61E-05,<,7.29E-04,,3.08E-03,1.33E-01,,5.60E-05
el32806x10,RCM11,Derwent Water,Perch,Perca fluviatillis,Site 3,05/09/2012,9.27,166.5,18.0,3.43E-01,<,1.28E-03,9.52E+02,4.24E+02,,1.58E-01,9.85E+03,5.05E+02,3.18E+03,1.74E+04,2.13E+01,6.96E+00,7.18E+00,<,1.11E-04,<,1.11E-04,1.46E-01,1.33E+01,,4.81E-02,,2.79E+00,1.76E+01,3.84E+01,2.78E-04,<,1.60E-03,,1.11E-04,,2.06E-03,,1.11E-04,,5.00E-04,2.00E-02,,3.94E-03,<,3.90E-04,1.79E-01,6.35E-01,,1.39E-03,,9.46E-04,,1.67E-04,,4.44E-04,,1.67E-04,<,5.57E-05,<,5.57E-05,<,5.57E-05,<,5.57E-05,<,5.57E-05,<,5.57E-05,<,7.24E-04,,2.94E-03,1.74E-02,<,5.57E-05
el32807x10,RCM12,Derwent Water,Perch,Perca fluviatillis,Site 3,05/09/2012,3.82,76.1,19.9,7.68E-01,<,1.15E-03,8.03E+02,4.00E+02,,2.84E-01,8.94E+03,5.14E+02,3.22E+03,1.47E+04,1.85E+01,2.14E+01,5.98E+00,<,1.00E-04,<,1.00E-04,1.36E-01,1.30E+01,,2.41E-02,,2.44E+00,1.43E+01,3.56E+01,6.50E-04,<,1.44E-03,,1.00E-04,,2.36E-03,,1.50E-04,,2.50E-04,1.61E-02,,3.70E-03,,3.51E-04,1.32E-01,6.38E-01,,1.81E-03,,1.41E-03,,5.52E-04,,9.00E-04,,2.50E-04,,4.00E-04,,3.50E-04,,5.50E-04,,4.00E-04,,4.50E-04,,4.50E-04,,2.76E-03,,3.75E-03,3.92E-02,,5.02E-05
el32808x10,RCM13,Derwent Water,Perch,Perca fluviatillis,Site 4,05/09/2012,14.7,228.8,15.6,9.51E-01,<,1.48E-03,1.11E+03,4.49E+02,,3.53E-01,1.07E+04,5.05E+02,3.10E+03,2.01E+04,2.27E+01,7.64E+00,9.25E+00,<,1.28E-04,<,1.28E-04,1.55E-01,1.20E+01,,7.00E-02,,3.79E+00,1.61E+01,3.91E+01,7.04E-04,,7.68E-04,,6.40E-05,,1.73E-03,,1.28E-04,,5.76E-04,2.69E-02,,4.93E-03,<,4.50E-04,2.25E-01,8.48E-01,,1.99E-03,,1.86E-03,,2.57E-04,,5.12E-04,,6.40E-05,<,6.42E-05,,6.40E-05,,6.40E-05,<,6.42E-05,<,6.42E-05,<,6.42E-05,<,8.35E-04,,4.41E-03,8.16E-02,<,6.42E-05
el32809x10,RCM14,Derwent Water,Perch,Perca fluviatillis,Site 5,05/09/2012,3.4,61.2,18.0,5.56E-01,<,1.28E-03,8.89E+02,4.30E+02,,1.22E+00,9.78E+03,1.13E+03,3.40E+03,1.64E+04,2.23E+01,1.16E+01,8.67E+00,<,1.11E-04,<,1.11E-04,1.81E-01,1.42E+01,,4.01E-02,<,1.20E+00,1.37E+01,4.31E+01,1.67E-04,<,1.61E-03,<,5.05E-05,,4.22E-03,<,5.56E-05,<,5.56E-05,2.23E-02,<,3.97E-03,,7.78E-04,1.24E-01,6.33E-01,,2.17E-03,,1.67E-03,,5.56E-04,,1.11E-04,,2.78E-04,,2.78E-04,,5.57E-05,,3.34E-04,,1.67E-04,,4.45E-04,,2.23E-04,<,7.22E-04,<,5.56E-05,7.56E-02,,1.67E-04
el32919x10,RCM15,Windermere South Basin,Pike,Esox lucius,Lakeside,18/09/2012,1.45,48.9,33.7,1.64E-02,<,6.83E-04,5.64E+02,2.91E+02,,1.61E-01,5.16E+03,4.19E+02,2.64E+03,7.39E+03,1.19E+01,5.31E+00,6.05E+00,<,5.94E-05,<,5.94E-05,1.54E-01,1.95E+01,,1.26E-02,,6.67E-01,3.26E+00,3.12E+00,2.67E-04,,6.52E-04,<,2.69E-05,<,1.48E-04,,2.96E-05,,2.96E-05,2.55E-03,,3.74E-03,<,2.08E-04,1.35E-02,3.23E-01,,3.26E-04,,3.86E-04,,1.19E-04,,4.15E-04,,2.96E-04,,2.67E-04,,2.96E-04,,4.15E-04,,3.56E-04,,4.45E-04,,3.85E-04,<,3.86E-04,,2.16E-03,2.14E-02,<,2.97E-05
el32920x10,RCM16,Windermere South Basin,Pike,Esox lucius,Lakeside,18/09/2012,0.91,27.2,29.9,1.08E-02,<,7.69E-04,6.18E+02,3.27E+02,,4.05E-01,5.92E+03,5.16E+02,3.08E+03,8.22E+03,1.38E+01,6.92E+00,6.35E+00,<,6.69E-05,<,6.69E-05,2.18E-01,2.00E+01,,1.01E-02,,5.27E-01,3.71E+00,3.23E+00,2.67E-04,,1.04E-03,,6.68E-05,,7.02E-04,<,3.34E-05,,3.34E-05,3.34E-03,,4.95E-03,<,2.34E-04,1.55E-02,4.11E-01,,4.35E-04,,6.02E-04,<,6.69E-05,,4.68E-04,,6.68E-05,,3.34E-05,,6.68E-05,<,3.34E-05,,1.00E-04,,3.34E-05,,3.34E-05,<,4.35E-04,,6.02E-04,3.81E-02,<,3.34E-05
el32804x10,RCM17,Windermere North Basin,Pike,Esox lucius,Green Tuft Bay,17/09/2012,1.43,41.4,28.9,1.82E-01,<,7.95E-04,7.12E+02,3.45E+02,,5.56E-01,6.15E+03,3.92E+02,3.07E+03,8.95E+03,1.24E+01,4.56E+00,6.50E+00,<,6.91E-05,<,6.91E-05,1.52E-01,2.30E+01,,1.01E-02,,7.27E-01,4.35E+00,4.39E+00,4.84E-04,,2.39E-03,,1.04E-04,,2.59E-03,<,3.45E-05,,6.92E-05,5.25E-03,,3.43E-03,,4.84E-04,2.02E-02,5.36E-01,,1.07E-03,,1.45E-03,,3.11E-04,,4.84E-04,,3.11E-04,,1.38E-04,,2.42E-04,,2.08E-04,,2.77E-04,,2.77E-04,,1.38E-04,<,4.49E-04,,2.42E-04,6.29E-02,,3.45E-05
el32907x10,RCM18,Bassenthwaite Lake,Perch,Perca fluviatillis,Site 2,03/09/2012,0.97,20.9,21.6,1.14E-01,<,1.07E-03,6.91E+02,3.91E+02,,9.46E-01,8.21E+03,4.62E+02,2.95E+03,1.34E+04,1.80E+01,2.21E+01,1.05E+01,,5.89E-03,<,9.28E-05,1.67E-01,1.80E+01,,4.53E-02,,1.24E+00,3.92E+00,1.87E+01,1.02E-03,,5.56E-04,,9.26E-05,,4.18E-04,<,4.64E-05,,2.32E-04,4.37E-02,,5.60E-03,<,3.25E-04,4.63E-02,1.30E+00,,1.81E-03,,2.51E-03,,6.49E-04,,1.20E-03,,7.87E-04,,9.72E-04,,8.34E-04,,1.07E-03,,1.02E-03,,1.25E-03,,9.72E-04,<,6.03E-04,,2.41E-03,1.38E-01,<,4.64E-05
el32908x10,RCM19,Bassenthwaite Lake,Perch,Perca fluviatillis,Site 2,03/09/2012,1.66,35.1,21.1,3.27E-02,<,1.09E-03,7.85E+02,3.70E+02,,7.52E-01,8.18E+03,4.90E+02,2.91E+03,1.37E+04,1.86E+01,2.04E+01,7.19E+00,,7.57E-04,<,9.46E-05,1.56E-01,1.80E+01,,4.35E-02,,1.62E+00,4.05E+00,2.03E+01,4.25E-04,<,1.36E-03,<,4.28E-05,<,2.36E-04,<,4.73E-05,,4.25E-04,3.87E-02,,6.79E-03,<,3.31E-04,4.39E-02,1.35E+00,,1.23E-03,,1.61E-03,,2.36E-04,,9.43E-04,<,4.73E-05,,2.83E-04,,5.19E-04,,3.30E-04,,2.83E-04,,4.25E-04,,2.36E-04,<,6.15E-04,,2.69E-03,1.70E-01,<,4.73E-05
el32909x10,RCM20,Bassenthwaite Lake,Perch,Perca fluviatillis,Site 2,03/09/2012,0.59,13.9,23.5,4.25E-02,<,9.78E-04,6.42E+02,3.69E+02,,5.79E-01,7.36E+03,4.31E+02,2.90E+03,1.19E+04,1.81E+01,1.17E+01,8.55E+00,,4.25E-04,<,8.51E-05,1.86E-01,1.60E+01,,3.10E-02,,1.01E+00,6.51E+00,2.10E+01,3.41E-04,,5.54E-04,,4.26E-05,,8.51E-04,,1.28E-04,,1.28E-04,2.65E-02,,4.52E-03,<,2.98E-04,5.96E-02,1.32E+00,,1.11E-03,,1.45E-03,,4.25E-04,,6.40E-04,,4.69E-04,,4.69E-04,,7.25E-04,,6.40E-04,,4.26E-04,,6.82E-04,,5.12E-04,<,5.53E-04,,2.35E-03,7.87E-02,<,4.25E-05
el32910x10,RCM21,Windermere South Basin,Roach,Rutilus rutilus,Lakeside,18/09/2012,6.87,158.2,23.0,2.64E-01,<,9.99E-04,6.21E+02,3.91E+02,,3.51E-01,7.64E+03,4.19E+02,2.64E+03,1.28E+04,1.83E+01,6.12E+00,1.03E+01,<,8.69E-05,<,8.69E-05,3.56E-01,2.90E+01,,3.09E-02,,5.99E-01,2.54E+00,1.20E+01,5.22E-04,,8.70E-05,<,3.95E-05,,4.39E-03,<,4.34E-05,<,4.34E-05,6.91E-03,,5.44E-03,<,3.04E-04,1.20E-02,2.97E+00,,6.08E-04,,6.95E-04,,8.69E-05,,3.48E-04,,5.66E-04,,3.92E-04,,3.48E-04,,3.92E-04,,3.05E-04,,3.48E-04,,2.61E-04,<,5.65E-04,,7.83E-04,2.84E-02,<,4.34E-05
el32915x10,RCM22,Windermere South Basin,Roach,Rutilus rutilus,Rawlinsons Nab,18/09/2012,1.13,32.4,28.7,1.52E-01,<,8.03E-04,4.26E+02,3.38E+02,,2.03E-01,5.97E+03,4.41E+02,2.33E+03,9.21E+03,1.40E+01,5.06E+00,5.72E+00,<,6.98E-05,<,6.98E-05,3.43E-01,2.82E+01,,3.23E-02,,5.84E-01,3.28E+00,8.83E+00,4.20E-04,<,1.01E-03,<,3.17E-05,,4.96E-03,,7.00E-05,<,3.49E-05,6.94E-03,,5.11E-03,<,2.44E-04,1.06E-02,1.72E+00,,4.89E-04,,4.89E-04,<,6.98E-05,,5.95E-04,,1.40E-04,,3.50E-04,,3.50E-04,,3.15E-04,,3.15E-04,,2.80E-04,,2.45E-04,<,4.54E-04,,2.06E-03,3.91E-02,<,3.49E-05
el32914x10,RCM23,Windermere South Basin,Roach,Rutilus rutilus,Rawlinsons Nab,18/09/2012,0.95,29.7,31.3,2.54E-01,<,7.36E-04,3.65E+02,3.26E+02,,2.79E-01,5.47E+03,3.82E+02,2.24E+03,8.54E+03,1.25E+01,5.12E+00,8.89E+00,<,6.40E-05,<,6.40E-05,3.15E-01,2.69E+01,,1.77E-02,,4.39E-01,3.23E+00,6.56E+00,4.18E-04,,2.90E-04,,3.22E-05,,4.45E-03,,6.44E-05,<,3.20E-05,7.71E-03,,6.15E-03,<,2.24E-04,7.58E-03,1.49E+00,,4.48E-04,,3.52E-04,<,6.40E-05,,2.57E-04,,1.61E-04,,6.44E-05,,6.44E-05,,3.22E-05,,3.22E-05,,3.22E-05,,3.22E-05,<,4.16E-04,,1.42E-03,2.29E-02,<,3.20E-05
el32916x10,RCM 24,Windermere South Basin,Roach,Rutilus rutilus,Rawlinsons Nab,18/09/2012,6.68,180.5,27.0,8.96E-01,<,8.51E-04,4.74E+02,3.37E+02,,1.39E-01,6.40E+03,2.77E+02,2.53E+03,1.05E+04,1.46E+01,2.33E+00,7.18E+00,<,7.40E-05,<,7.40E-05,5.33E-01,2.46E+01,,2.32E-02,,1.06E+00,2.82E+00,8.25E+00,2.59E-04,,8.14E-04,<,3.35E-05,,6.44E-03,,3.70E-05,<,3.70E-05,5.22E-03,,6.62E-03,<,2.59E-04,1.51E-02,2.06E+00,,2.59E-04,,1.48E-04,<,7.40E-05,,3.33E-04,,1.11E-04,,1.85E-04,,3.70E-05,,1.48E-04,,7.40E-05,,1.11E-04,,1.85E-04,<,4.81E-04,,2.22E-04,2.85E-02,<,3.70E-05
el32917x10,RCM25,Windermere South Basin,Roach,Rutilus rutilus,Floating,18/09/2012,0.26,9.3,35.6,1.86E-02,<,1.15E-03,3.06E+02,2.59E+02,,2.77E-01,4.86E+03,3.77E+02,1.75E+03,7.52E+03,1.19E+01,2.86E+00,6.65E+00,,9.83E-04,<,1.12E-04,2.80E-01,2.92E+01,,3.29E-02,,5.89E-01,2.72E+00,6.26E+00,3.48E-04,,7.95E-04,,4.97E-05,,1.83E-03,,4.97E-05,<,2.81E-05,6.63E-03,,9.64E-03,<,3.37E-04,5.62E-03,1.46E+00,,2.81E-04,,2.25E-04,<,1.12E-04,,2.98E-04,<,2.81E-05,,9.94E-05,,4.97E-05,,4.97E-05,<,2.81E-05,<,2.81E-05,,4.97E-05,<,6.46E-04,,2.73E-03,1.48E-01,<,5.62E-05
el32918x10,RCM26,Windermere South Basin,Brown trout,Salmo trutta,Silver Holme (20m),18/09/2012,11.13,495.47,44.5,4.18E-01,<,5.17E-04,3.53E+02,2.74E+02,,4.92E-01,4.02E+03,1.43E+02,3.08E+03,4.56E+03,8.47E+00,1.41E+00,8.51E+00,,6.29E-04,<,4.49E-05,6.54E-01,1.84E+01,,7.73E-03,,6.20E-01,6.22E+00,3.37E+00,2.26E-04,,2.93E-04,,4.51E-05,,1.06E-03,,2.26E-05,<,2.25E-05,5.80E-03,,3.20E-03,<,1.57E-04,1.62E-02,1.48E-01,,5.39E-04,,7.86E-04,,4.49E-05,,2.03E-04,<,2.25E-05,,4.51E-05,,1.35E-04,<,2.25E-05,,9.03E-05,,2.26E-05,,4.51E-05,<,2.92E-04,<,2.25E-05,1.85E-02,<,2.25E-05
el32810x10,RCM27,Derwent Water,Ruffe,Gymnocephalus cernua,Site 3,05/09/2012,0.49,10.2,20.7,4.87E-02,<,1.25E-03,6.51E+02,3.37E+02,,2.50E+00,7.81E+03,3.54E+02,1.93E+03,1.52E+04,1.73E+01,6.70E+01,2.23E+01,,2.06E-02,<,9.65E-05,2.10E-01,1.83E+01,,7.91E-02,,1.02E+00,3.58E+00,1.70E+01,3.37E-03,,3.90E-03,,1.60E-04,,6.99E-03,,5.34E-05,,4.81E-04,4.20E-02,,8.02E-03,,1.69E-03,3.81E-02,1.36E+00,,8.58E-03,,1.08E-02,,1.50E-03,,4.81E-03,,1.12E-03,,3.21E-04,,1.28E-03,,1.60E-04,,1.02E-03,,2.67E-04,,2.67E-04,<,6.75E-04,,3.26E-03,5.21E-01,,6.27E-04
el32811x10,RCM28,Derwent Water,Ruffe,Gymnocephalus cernua,Site 3,05/09/2012,0.59,11.1,18.9,4.91E-02,<,1.22E-03,8.11E+02,3.54E+02,,2.27E+00,8.48E+03,4.62E+02,2.42E+03,1.68E+04,1.84E+01,4.20E+01,2.17E+01,,1.43E-02,<,1.06E-04,2.32E-01,2.27E+01,,9.44E-02,,1.34E+00,4.82E+00,2.00E+01,2.44E-03,,3.19E-03,,1.06E-04,,6.57E-03,,5.31E-05,,6.38E-04,5.51E-02,,8.18E-03,,1.48E-03,5.02E-02,1.42E+00,,8.32E-03,,8.80E-03,,1.33E-03,,3.24E-03,,1.06E-03,,2.13E-04,,7.44E-04,,1.59E-04,,5.84E-04,,1.59E-04,,3.72E-04,<,6.89E-04,,1.86E-03,1.78E-01,,7.42E-04
el32812x10,RCM29,Derwent Water,Ruffe,Gymnocephalus cernua,Site 3,05/09/2012,0.20,5.42,27.1,3.69E-01,<,2.18E-03,4.17E+02,2.65E+02,,2.54E+00,5.76E+03,3.66E+02,1.74E+03,1.07E+04,1.46E+01,3.80E+01,1.56E+01,,1.12E-02,<,1.85E-04,1.98E-01,1.70E+01,,5.35E-02,,7.76E-01,3.67E+00,1.52E+01,2.65E-03,,2.37E-03,,3.79E-04,,6.79E-03,,9.48E-05,,8.53E-04,5.13E-02,,1.31E-02,,1.29E-03,3.99E-02,7.05E-01,,7.45E-03,,9.82E-03,,1.33E-03,,3.89E-03,,1.23E-03,,1.90E-04,,9.48E-04,,1.90E-04,,1.14E-03,,1.90E-04,<,3.69E-05,<,1.22E-03,,1.80E-03,1.68E-01,,4.43E-04
el32813x10,RCM30,Derwent Water,Ruffe,Gymnocephalus cernua,Site 3,05/09/2012,0.65,13.3,20.4,3.34E-02,<,1.13E-03,7.64E+02,3.44E+02,,2.76E+00,8.03E+03,3.99E+02,2.34E+03,1.53E+04,1.77E+01,4.80E+01,2.43E+01,,1.50E-02,<,9.80E-05,1.78E-01,2.14E+01,,8.52E-02,,1.86E+00,4.24E+00,1.60E+01,2.94E-03,,2.11E-03,,2.94E-04,,7.74E-03,,4.91E-05,,3.92E-04,5.73E-02,,7.16E-03,,1.32E-03,4.35E-02,1.25E+00,,7.98E-03,,9.89E-03,,1.67E-03,,4.71E-03,,1.42E-03,,5.89E-04,,1.32E-03,,5.89E-04,,1.28E-03,,5.40E-04,,3.43E-04,,5.58E-03,,3.83E-03,1.37E-01,,6.37E-04
el32814x10,RCM31,Derwent Water,Ruffe,Gymnocephalus cernua,Site 3,05/09/2012,0.21,5.6,26.6,8.68E-01,<,2.33E-03,5.41E+02,2.73E+02,,4.17E+00,5.94E+03,3.47E+02,1.92E+03,1.10E+04,1.46E+01,2.63E+01,2.59E+01,,2.76E-02,<,1.88E-04,3.43E-01,1.61E+01,,4.09E-02,,6.59E-01,4.36E+00,2.09E+01,3.14E-03,,5.07E-04,,2.03E-04,,7.44E-03,,1.01E-04,<,3.76E-05,4.28E-02,,1.93E-02,,1.16E-03,3.98E-02,1.04E+00,,8.90E-03,,1.33E-02,,1.69E-03,,4.67E-03,,9.13E-04,,3.04E-04,,8.11E-04,,1.01E-04,,7.10E-04,,1.01E-04,,2.03E-04,<,1.31E-03,,1.12E-03,3.28E-01,,2.25E-04
el32815x10,RCM32,Derwent Water,Ruffe,Gymnocephalus cernua,Site 3,05/09/2012,0.76,14.3,18.8,4.52E-01,<,1.22E-03,6.07E+02,3.24E+02,,6.71E+00,8.41E+03,3.84E+02,1.75E+03,1.71E+04,1.93E+01,8.14E+01,3.08E+01,,1.69E-02,<,1.06E-04,1.99E-01,2.15E+01,,9.21E-02,,8.78E-01,2.99E+00,1.63E+01,3.93E-03,,2.82E-03,,3.19E-04,,6.44E-03,,5.32E-05,,5.85E-04,5.48E-02,,7.12E-03,,1.49E-03,3.23E-02,1.78E+00,,1.44E-02,,2.19E-02,,2.87E-03,,8.83E-03,,1.97E-03,,5.32E-04,,2.66E-03,,5.32E-04,,1.49E-03,,6.38E-04,,7.44E-04,<,6.92E-04,,3.08E-03,2.17E-01,,8.52E-04
el32904x10,RCM33,Derwent Water,Ruffe,Gymnocephalus cernua,Site 4,05/09/2012,0.42,10.57,25.2,1.08E-01,,2.82E-03,3.68E+02,3.04E+02,,2.01E+01,6.75E+03,2.93E+02,1.22E+03,1.26E+04,1.69E+01,3.89E+01,8.86E+01,,2.44E-02,<,7.95E-05,2.65E-01,1.34E+01,,4.57E-02,,6.29E-01,2.06E+00,1.61E+01,1.18E-02,,1.02E-02,,8.04E-04,,1.67E-03,,9.46E-05,,4.26E-04,6.36E-02,,1.17E-02,,1.43E-03,2.71E-02,1.84E+00,,3.86E-02,,6.60E-02,,8.23E-03,,2.30E-02,,4.21E-03,,1.70E-03,,7.00E-03,,1.42E-03,,6.10E-03,,1.65E-03,,2.08E-03,<,6.36E-04,,2.88E-03,5.21E-01,,1.27E-03
em06005x10,RCM34,Derwent Water,Ruffe,Gymnocephalus cernua,Site 5,05/09/2012,0.61,12.74,20.9,6.70E-01,<,1.10E-03,6.13E+02,2.94E+02,,1.82E+00,7.09E+03,3.52E+02,1.80E+03,1.44E+04,2.95E+01,1.59E+01,1.03E+01,,4.60E-03,<,9.58E-05,2.50E-01,1.35E+01,,5.79E-03,,6.21E-01,7.18E+00,3.12E+01,1.92E-03,,2.35E-03,,1.44E-04,,1.01E-02,,4.79E-05,,7.66E-04,3.27E-02,,6.71E-04,,4.79E-04,7.80E-02,1.41E+00,,5.65E-03,,5.27E-03,,7.18E-04,,1.77E-03,,2.39E-04,,1.44E-04,,4.79E-04,,4.79E-05,,2.87E-04,,9.58E-05,,1.44E-04,,8.14E-04,,1.05E-03,1.44E-01,,5.27E-04
em06006x10,RCM35,Derwent Water,Ruffe,Gymnocephalus cernua,Site 5,05/09/2012,0.16,3.74,23.4,1.40E+00,<,3.55E-03,6.76E+02,2.99E+02,,2.49E+00,6.55E+03,4.07E+02,1.92E+03,1.29E+04,3.05E+01,2.23E+01,1.26E+01,,8.43E-03,<,2.99E-04,4.04E-01,1.98E+01,<,1.51E-02,<,0.00E+00,5.52E+00,2.28E+01,2.92E-03,,2.77E-03,,3.08E-04,,1.16E-02,,1.54E-04,<,4.28E-05,5.39E-02,,2.00E-03,<,1.07E-03,5.18E-02,1.05E+00,,5.48E-03,,5.56E-03,,7.70E-04,,3.23E-03,,6.16E-04,,1.54E-04,,4.62E-04,<,4.28E-05,,4.62E-04,,1.54E-04,<,4.28E-05,<,2.01E-03,<,4.28E-05,2.84E-01,<,1.71E-04
em06007x10,RCM36,Derwent Water,Ruffe,Gymnocephalus cernua,Site 5,05/09/2012,0.18,4.16,23.1,5.45E-02,<,3.25E-03,4.85E+02,3.06E+02,,2.38E+00,6.36E+03,4.04E+02,1.83E+03,1.28E+04,3.02E+01,1.44E+01,1.24E+01,,9.39E-03,<,3.03E-04,4.21E-01,2.08E+01,<,1.38E-02,<,3.06E+00,5.11E+00,2.14E+01,3.39E-03,,3.11E-03,,1.41E-04,,1.12E-02,<,4.33E-05,<,4.33E-05,4.72E-02,,2.97E-03,<,9.95E-04,5.62E-02,9.35E-01,,7.14E-03,,6.62E-03,,9.52E-04,,3.54E-03,,4.24E-04,,1.41E-04,,8.48E-04,,1.41E-04,<,4.33E-05,<,4.33E-05,,1.41E-04,<,1.86E-03,,1.56E-03,3.92E-01,<,1.30E-04
em06008x10,RCM40,Derwent Water,Perch,Perca fluviatillis,Site 2,05/09/2012,0.48,12.4,25.8,8.53E-01,<,8.92E-04,6.71E+02,3.11E+02,,2.58E-01,6.28E+03,2.92E+02,2.56E+03,9.73E+03,2.32E+01,3.14E+01,5.58E+00,<,7.75E-05,<,7.75E-05,2.10E-01,1.45E+01,,1.24E-02,,6.27E-01,6.63E+00,3.99E+01,5.43E-04,,6.59E-04,<,3.51E-05,,9.73E-03,,3.88E-05,,6.20E-04,2.29E-02,,8.53E-04,<,2.71E-04,5.82E-02,7.60E-01,,1.36E-03,,9.69E-04,,1.55E-04,,5.81E-04,,3.88E-05,<,3.88E-05,,3.88E-05,,3.88E-05,<,3.88E-05,<,3.88E-05,<,3.88E-05,<,5.04E-04,,7.36E-04,6.82E-02,<,3.88E-05
em06009x10,RCM41,Derwent Water,Perch,Perca fluviatillis,Site 2,05/09/2012,2.49,51.0,20.5,4.70E-02,<,1.12E-03,7.42E+02,3.44E+02,,1.52E-01,7.71E+03,3.73E+02,2.68E+03,1.30E+04,3.04E+01,1.11E+01,4.57E+00,<,9.76E-05,<,9.76E-05,1.39E-01,1.24E+01,,2.10E-02,,1.20E+00,1.09E+01,4.40E+01,2.92E-04,,1.70E-03,<,4.41E-05,,2.98E-03,<,4.88E-05,,2.92E-04,1.39E-02,,9.23E-04,<,3.41E-04,1.14E-01,9.61E-01,,1.12E-03,,5.85E-04,,9.76E-05,,5.35E-04,<,4.88E-05,<,4.88E-05,<,4.88E-05,,4.86E-05,,4.86E-05,<,4.88E-05,<,4.88E-05,<,6.34E-04,,2.62E-03,8.44E-02,<,4.88E-05
em06010x10,RCM42,Derwent Water,Perch,Perca fluviatillis,Site 2,05/09/2012,3.57,64.2,18.0,5.39E-02,<,1.28E-03,8.62E+02,3.93E+02,<,3.33E-02,8.96E+03,4.39E+02,2.92E+03,1.53E+04,3.59E+01,7.73E+00,5.21E+00,<,1.11E-04,<,1.11E-04,1.77E-01,1.35E+01,,2.15E-02,,2.01E+00,1.66E+01,4.93E+01,6.67E-04,,1.95E-03,<,5.04E-05,,2.17E-03,,1.11E-04,,5.00E-04,2.33E-02,,6.67E-04,<,3.89E-04,1.66E-01,8.01E-01,,1.84E-03,,7.79E-04,,1.67E-04,,5.00E-04,,1.67E-04,<,5.56E-05,,1.11E-04,<,5.56E-05,<,5.56E-05,<,5.56E-05,<,5.56E-05,<,7.23E-04,,6.00E-03,2.24E-02,<,5.56E-05
em06011x10,RCM43,Derwent Water,Perch,Perca fluviatillis,Site 2,05/09/2012,0.72,16.9,23.5,1.60E-01,<,9.79E-04,7.23E+02,3.34E+02,,3.49E-01,7.06E+03,3.57E+02,2.78E+03,1.12E+04,2.62E+01,2.14E+01,5.49E+00,<,8.51E-05,<,8.51E-05,1.86E-01,1.20E+01,,5.49E-03,,7.82E-01,7.74E+00,4.08E+01,5.10E-04,,7.22E-04,<,3.85E-05,,1.20E-02,,4.25E-05,,2.97E-04,2.67E-02,,8.07E-04,<,2.98E-04,7.02E-02,9.53E-01,,1.53E-03,,1.23E-03,,1.70E-04,,4.67E-04,<,4.26E-05,,4.25E-05,,8.50E-05,,4.25E-05,,4.25E-05,<,4.26E-05,<,4.26E-05,,8.94E-04,,2.42E-03,5.49E-02,,1.70E-04
em06012x10,RCM44,Derwent Water,Perch,Perca fluviatillis,Site 5,05/09/2012,3.8,71.1,18.7,3.47E-01,<,1.23E-03,8.39E+02,3.79E+02,,1.41E-01,8.60E+03,3.75E+02,2.83E+03,1.47E+04,3.45E+01,1.86E+01,5.28E+00,<,1.07E-04,<,1.07E-04,1.78E-01,1.36E+01,,1.83E-02,,2.12E+00,1.68E+01,5.39E+01,3.19E-04,,1.38E-03,,1.06E-04,,2.99E-03,,5.31E-05,,5.31E-05,2.03E-02,<,3.79E-03,<,3.74E-04,1.61E-01,7.91E-01,,1.87E-03,,1.01E-03,,2.14E-04,,5.84E-04,,1.59E-04,<,5.34E-05,,1.06E-04,<,5.34E-05,<,5.34E-05,<,5.34E-05,<,5.34E-05,<,6.94E-04,,3.45E-03,2.84E-02,<,5.34E-05
el32911x10,RCM45,Windermere South Basin,Roach,Rutilus rutilus,Lakeside,18/09/2012,10.88,273.0,25.1,5.90E-01,<,9.17E-04,5.74E+02,3.85E+02,,2.12E-01,7.13E+03,1.50E+02,2.73E+03,1.16E+04,1.63E+01,1.69E+00,8.13E+00,<,7.97E-05,<,7.97E-05,4.30E-01,2.01E+01,,2.32E-02,,9.13E-01,3.03E+00,1.06E+01,7.97E-05,<,1.15E-03,<,3.61E-05,,3.99E-03,,3.99E-05,<,3.99E-05,3.91E-03,,4.34E-03,<,2.79E-04,1.62E-02,2.75E+00,,1.59E-04,,1.20E-04,<,7.97E-05,<,3.99E-05,<,3.99E-05,,7.97E-05,,3.99E-05,,3.99E-05,,3.99E-05,<,3.99E-05,<,3.99E-05,<,5.18E-04,,3.99E-05,1.78E-02,<,3.99E-05
el32912x10,RCM 46,Windermere south Basin,Roach,Rutilus rutilus,Lakeside,18/09/2012,10.32,265.8,25.8,7.80E-01,<,8.93E-04,5.05E+02,3.56E+02,,1.68E-01,6.83E+03,1.29E+02,2.31E+03,1.15E+04,1.63E+01,3.04E+00,6.95E+00,<,7.76E-05,<,7.76E-05,4.27E-01,1.66E+01,,2.04E-02,,9.86E-01,2.23E+00,8.66E+00,1.16E-04,,8.52E-04,,3.87E-05,,4.81E-03,,7.74E-05,,1.16E-04,4.77E-03,,5.03E-03,<,2.72E-04,1.36E-02,2.24E+00,<,7.76E-05,<,7.76E-05,<,7.76E-05,,3.88E-05,,3.88E-05,,3.88E-05,<,3.88E-05,<,3.88E-05,<,3.88E-05,<,3.88E-05,<,3.88E-05,<,5.05E-04,,1.55E-04,2.31E-02,<,3.88E-05
el32913x10,RCM47,Windermere South Basin,Roach,Rutilus rutilus,Lakeside,18/09/2012,17.27,365.1,21.1,7.33E-01,<,1.09E-03,6.53E+02,4.14E+02,,1.19E-01,8.14E+03,1.91E+02,2.59E+03,1.41E+04,1.77E+01,3.09E+00,8.94E+00,<,9.46E-05,<,9.46E-05,3.21E-01,2.27E+01,,2.81E-02,,1.03E+00,2.39E+00,9.65E+00,3.31E-04,,8.99E-04,,4.73E-05,,1.14E-03,,4.73E-05,,1.89E-04,5.16E-03,,5.96E-03,<,3.31E-04,1.68E-02,2.68E+00,,1.89E-04,<,9.46E-05,<,9.46E-05,,9.46E-05,<,4.73E-05,,4.73E-05,,4.73E-05,<,4.73E-05,,4.73E-05,<,4.73E-05,<,4.73E-05,<,6.15E-04,<,4.73E-05,2.96E-02,<,4.73E-05
em06013x10,RCM48,Bassenthwaite Lake,Ruffe,Gymnocephalus cernua,Site 1,03/09/2012,0.58,11.41,19.7,3.44E-01,<,1.17E-03,5.08E+02,3.21E+02,,1.39E+01,7.62E+03,2.54E+02,1.58E+03,1.56E+04,3.03E+01,8.13E+01,3.43E+01,,4.81E-02,<,1.02E-04,3.04E-01,2.66E+01,,2.82E-02,,3.23E-01,3.01E+00,1.71E+01,5.27E-03,,5.78E-03,,3.04E-04,,1.36E-02,<,5.08E-05,,2.53E-04,8.08E-02,,2.84E-03,,2.13E-03,2.34E-02,6.10E+00,,1.35E-02,,2.40E-02,,3.10E-03,,7.80E-03,,1.37E-03,,5.57E-04,,2.08E-03,,2.03E-04,,1.42E-03,,2.53E-04,,5.57E-04,,1.22E-03,,1.06E-03,2.61E-01,,1.88E-03
em06014x10,RCM49,Bassenthwaite Lake,Ruffe,Gymnocephalus cernua,Site 1,03/09/2012,0.22,5.41,24.6,5.69E-01,<,2.20E-03,6.43E+02,2.84E+02,,1.30E+01,6.10E+03,2.07E+02,1.79E+03,1.16E+04,2.61E+01,7.24E+01,3.84E+01,,5.41E-02,<,2.03E-04,3.49E-01,2.64E+01,,2.83E-02,,5.66E-02,3.15E+00,1.12E+01,5.97E-03,,2.89E-03,,1.92E-04,,1.42E-02,<,4.07E-05,,2.89E-04,8.21E-02,,2.89E-03,,1.83E-03,1.93E-02,2.25E+00,,1.35E-02,,2.50E-02,,3.17E-03,,1.14E-02,,1.06E-03,,5.77E-04,,2.12E-03,,1.92E-04,,1.73E-03,,1.92E-04,,4.81E-04,<,1.26E-03,,4.81E-04,1.62E-01,,1.02E-03
em06015x10,RCM50,Bassenthwaite Lake,Ruffe,Gymnocephalus cernua,Site 1,03/09/2012,0.54,10.03,18.6,5.26E-01,<,1.24E-03,6.51E+02,3.40E+02,,5.21E+00,8.24E+03,2.98E+02,1.99E+03,1.64E+04,3.22E+01,8.56E+01,1.85E+01,,4.60E-02,<,1.08E-04,3.28E-01,2.90E+01,,2.23E-02,,2.72E-01,3.40E+00,1.70E+01,1.93E-03,,2.74E-03,,1.61E-04,,1.41E-02,,5.37E-05,,3.76E-04,7.43E-02,,2.15E-03,,1.35E-03,2.44E-02,4.36E+00,,5.38E-03,,8.34E-03,,1.18E-03,,2.47E-03,,6.98E-04,,2.15E-04,,6.98E-04,,1.07E-04,,6.45E-04,,1.07E-04,,1.61E-04,,8.61E-04,,1.40E-03,1.25E-01,,1.40E-03
em06016x10,RCM51,Bassenthwaite Lake,Ruffe,Gymnocephalus cernua,Site 2,03/09/2012,0.46,8.92,19.4,6.19E-02,<,1.34E-03,6.50E+02,3.42E+02,,2.77E+00,8.10E+03,3.20E+02,1.99E+03,1.58E+04,3.38E+01,4.83E+01,1.31E+01,,2.92E-02,<,1.03E-04,3.91E-01,2.54E+01,,1.30E-02,,3.04E-01,3.15E+00,1.56E+01,1.78E-03,,1.78E-03,,1.19E-04,,1.38E-02,<,5.16E-05,,4.15E-04,7.84E-02,,2.79E-03,,1.19E-03,1.93E-02,3.04E+00,,3.09E-03,,4.07E-03,,5.67E-04,,1.84E-03,,3.56E-04,,1.19E-04,,4.74E-04,,5.93E-05,,2.37E-04,,5.93E-05,,5.93E-05,,2.01E-03,,1.36E-03,1.39E-01,,6.70E-04
em06017x10,RCM52,Bassenthwaite Lake,Ruffe,Gymnocephalus cernua,Site 2,03/09/2012,0.38,7.52,19.8,3.19E-01,<,1.67E-03,7.18E+02,3.45E+02,,3.48E+00,7.58E+03,2.82E+02,2.27E+03,1.47E+04,3.19E+01,3.89E+01,1.73E+01,,3.16E-02,<,1.52E-04,3.54E-01,2.82E+01,,2.71E-02,,6.02E-01,3.54E+00,1.54E+01,1.98E-03,,3.37E-03,,2.93E-04,,9.95E-03,<,5.05E-05,<,5.05E-05,7.83E-02,,2.71E-03,,1.62E-03,1.97E-02,3.04E+00,,3.28E-03,,4.55E-03,,6.06E-04,,2.05E-03,,2.93E-04,,1.46E-04,,5.12E-04,,7.32E-05,,1.46E-04,<,5.05E-05,<,5.05E-05,<,9.60E-04,,8.79E-04,2.17E-01,,9.60E-04
em06018x10,RCM53,Bassenthwaite Lake,Ruffe,Gymnocephalus cernua,Site 2,03/09/2012,0.56,10.52,18.8,5.04E-02,<,1.22E-03,8.09E+02,3.56E+02,,2.02E+00,8.20E+03,3.68E+02,2.27E+03,1.61E+04,3.30E+01,3.51E+01,1.38E+01,,1.82E-02,<,1.06E-04,3.52E-01,2.71E+01,,2.89E-02,,7.13E-01,4.14E+00,2.09E+01,1.54E-03,,1.97E-03,,1.60E-04,,9.85E-03,,5.33E-05,<,5.32E-05,6.39E-02,,1.76E-03,,8.52E-04,3.08E-02,4.41E+00,,2.82E-03,,3.03E-03,,4.79E-04,,1.17E-03,,2.13E-04,,1.07E-04,,4.79E-04,,5.33E-05,,2.66E-04,,5.33E-05,,5.33E-05,<,6.92E-04,,5.33E-04,1.43E-01,,6.39E-04
em06019x10,RCM54,Bassenthwaite Lake,Ruffe,Gymnocephalus cernua,Site 2,03/09/2012,0.35,7.67,21.9,4.39E-02,<,1.41E-03,6.75E+02,3.30E+02,,3.01E+00,7.21E+03,2.91E+02,2.02E+03,1.39E+04,2.87E+01,3.09E+01,4.01E+01,,3.33E-02,<,1.37E-04,3.70E-01,2.51E+01,,1.66E-02,,1.27E-01,3.71E+00,1.62E+01,2.06E-03,<,1.80E-03,,6.23E-05,,1.22E-02,,6.23E-05,,2.49E-04,7.57E-02,,1.87E-03,,1.05E-03,2.99E-02,2.77E+00,,3.29E-03,,4.70E-03,,6.39E-04,,1.87E-03,,1.25E-04,,1.25E-04,,2.49E-04,,6.23E-05,,6.23E-05,,6.23E-05,,1.87E-04,<,8.21E-04,<,4.56E-05,1.16E-01,,4.11E-04
em06020x10,RCM55,Bassenthwaite Lake,Ruffe,Gymnocephalus cernua,Site 5,03/09/2012,1.18,23.46,19.9,7.95E-01,<,1.16E-03,8.15E+02,3.31E+02,,9.56E-01,7.70E+03,3.25E+02,2.19E+03,1.43E+04,3.10E+01,2.18E+01,1.23E+01,,2.06E-02,<,1.01E-04,3.29E-01,1.94E+01,,2.43E-02,,2.05E+00,7.24E+00,2.05E+01,7.06E-04,,1.77E-03,,5.04E-05,,,<,5.03E-05,,4.04E-04,7.44E-03,,1.01E-03,,8.05E-04,5.43E-02,3.78E+00,,1.66E-03,,1.86E-03,,3.02E-04,,9.08E-04,,1.01E-04,,1.01E-04,,2.52E-04,<,5.03E-05,,5.04E-05,,5.04E-05,<,5.03E-05,,7.54E-04,<,5.03E-05,1.17E-01,,8.05E-04
em06105x10,RCM56,Bassenthwaite Lake,Ruffe,Gymnocephalus cernua,Site 5,03/09/2012,0.6,12.38,20.6,5.57E-01,<,1.11E-03,7.12E+02,3.34E+02,,2.74E+00,7.61E+03,2.94E+02,2.36E+03,1.44E+04,3.01E+01,2.83E+01,1.47E+01,,5.19E-02,<,9.69E-05,3.35E-01,2.25E+01,,2.09E-02,,4.66E-01,3.78E+00,1.34E+01,1.31E-03,,6.29E-04,,9.68E-05,,1.16E-02,<,4.85E-05,<,4.85E-05,5.04E-02,,1.31E-03,,1.31E-03,2.56E-02,2.40E+00,,3.20E-03,,4.94E-03,,6.30E-04,,1.94E-03,,3.39E-04,,9.68E-05,,4.84E-04,,4.84E-05,,3.39E-04,<,4.85E-05,<,4.85E-05,,8.24E-04,,3.39E-04,1.84E-01,,7.75E-04
em06106x10,RCM57,Bassenthwaite Lake,Ruffe,Gymnocephalus cernua,Site 5,03/09/2012,0.59,13.11,22.2,5.90E-02,<,1.04E-03,5.85E+02,3.08E+02,,3.71E+00,7.07E+03,2.59E+02,1.93E+03,1.35E+04,2.80E+01,4.77E+01,1.45E+01,,3.31E-02,<,9.00E-05,2.65E-01,2.18E+01,,3.69E-02,,4.18E-01,3.05E+00,1.17E+01,1.66E-03,,2.25E-03,,8.98E-05,,8.01E-03,,4.49E-05,,2.25E-04,4.82E-02,,1.75E-03,,1.35E-03,2.15E-02,2.78E+00,,4.19E-03,,6.62E-03,,8.55E-04,,2.69E-03,,4.04E-04,,2.25E-04,,5.39E-04,,8.98E-05,,4.49E-04,,4.49E-05,,1.35E-04,,6.30E-04,,4.49E-04,1.42E-01,,1.35E-03
em06108x10,RCM59,Windermere South Basin,Brown trout,Salmo trutta,Floating,18/09/2012,4.17,175.37,42.1,3.76E-01,<,5.47E-04,5.14E+02,2.71E+02,,2.40E-01,4.09E+03,1.45E+02,2.83E+03,4.59E+03,1.37E+01,1.64E+00,6.85E+00,<,4.76E-05,<,4.76E-05,1.12E+00,2.50E+01,<,2.33E-03,,8.12E-01,3.73E+00,4.18E+00,1.90E-04,<,6.85E-04,<,2.15E-05,,5.09E-03,,2.37E-05,<,2.38E-05,1.51E-02,,7.36E-04,<,1.66E-04,1.03E-02,2.69E-01,,9.51E-05,<,4.76E-05,<,4.76E-05,,2.37E-05,<,2.38E-05,<,2.38E-05,,2.37E-05,<,2.38E-05,,2.37E-05,<,2.38E-05,<,2.38E-05,<,3.09E-04,,3.32E-04,1.06E-02,<,2.38E-05
em06109x10,RCM60,Windermere North Basin,Brown trout,Salmo trutta,Floating ,17/09/2012,2.38,99.5,41.8,7.51E-01,<,5.50E-04,3.95E+02,2.75E+02,,3.35E-01,4.04E+03,2.04E+02,2.89E+03,4.47E+03,1.40E+01,8.85E-01,6.63E+00,<,4.78E-05,<,4.78E-05,6.05E-01,2.89E+01,<,2.34E-03,,3.86E-01,4.69E+00,4.09E+00,2.16E-04,,4.79E-05,,4.79E-05,,5.45E-03,<,2.39E-05,<,2.39E-05,1.90E-02,,8.87E-04,,1.91E-04,1.27E-02,3.13E-01,,3.35E-04,,2.63E-04,,7.18E-05,,1.92E-04,,4.79E-05,,2.40E-05,,2.40E-05,<,2.39E-05,,4.79E-05,<,2.39E-05,<,2.39E-05,<,3.11E-04,,1.10E-03,1.34E-02,<,2.39E-05
em06110x10,RCM61,Windermere North Basin,Brown trout,Salmo trutta,Floating ,17/09/2012,2.92,113.24,38.8,1.10E+00,<,5.93E-04,4.82E+02,2.94E+02,,2.86E-01,4.28E+03,1.87E+02,3.20E+03,4.59E+03,1.49E+01,5.80E-01,7.25E+00,<,5.16E-05,<,5.16E-05,5.44E-01,2.71E+01,,1.22E-02,,1.19E+00,5.34E+00,4.25E+00,1.80E-04,,2.57E-04,,5.15E-05,,6.83E-03,,2.57E-05,<,2.58E-05,1.97E-02,,2.01E-03,,3.35E-04,1.73E-02,3.22E-01,,4.13E-04,,4.13E-04,,7.74E-05,,2.32E-04,<,2.58E-05,,2.57E-05,,2.57E-05,<,2.58E-05,,5.15E-05,<,2.58E-05,,2.57E-05,<,3.35E-04,,3.66E-03,2.84E-02,<,2.58E-05
em06111x10,RCM62,Windermere South Basin,Brown trout,Salmo trutta,Floating,18/09/2012,2.86,99.34,34.7,9.10E-01,<,6.62E-04,6.33E+02,3.02E+02,,3.86E-01,4.84E+03,2.87E+02,3.37E+03,5.70E+03,1.62E+01,6.25E+00,7.23E+00,,1.87E-03,<,5.76E-05,6.82E-01,2.40E+01,<,2.82E-03,,2.53E-01,5.21E+00,5.15E+00,1.73E-04,,4.03E-04,,2.88E-05,,6.19E-03,<,2.88E-05,<,2.88E-05,9.73E-03,,2.71E-03,,2.88E-04,1.35E-02,3.22E-01,,1.73E-04,,1.73E-04,<,5.76E-05,,1.73E-04,,5.76E-05,<,2.88E-05,<,2.88E-05,<,2.88E-05,<,2.88E-05,<,2.88E-05,<,2.88E-05,<,3.74E-04,<,2.88E-05,2.20E-02,,5.76E-05
em06113x10,RCM64,Windermere South Basin,Brown trout,Salmo trutta,Floating,18/09/2012,2.68,106.62,39.8,5.66E-01,<,5.78E-04,5.25E+02,2.82E+02,,2.79E-01,4.20E+03,1.63E+02,3.02E+03,4.57E+03,1.52E+01,1.05E+00,6.71E+00,,5.53E-04,<,5.03E-05,8.37E-01,3.67E+01,<,2.46E-03,,7.27E-01,4.17E+00,4.17E+00,1.51E-04,,2.52E-05,,2.52E-05,,6.16E-03,<,2.51E-05,<,2.51E-05,1.89E-02,,1.11E-03,<,1.76E-04,9.95E-03,2.23E-01,,1.26E-04,,7.54E-05,<,5.03E-05,,1.01E-04,<,2.51E-05,<,2.51E-05,<,2.51E-05,<,2.51E-05,<,2.51E-05,<,2.51E-05,<,2.51E-05,<,3.27E-04,,3.02E-04,1.06E-02,<,2.51E-05
em06114x10,RCM65,Windermere South Basin,Perch,Perca fluviatillis,Silver Holme (20m),18/09/2012,2.56,55.87,21.8,1.64E-01,<,1.05E-03,6.78E+02,3.63E+02,,7.01E-01,7.56E+03,3.49E+02,2.76E+03,1.25E+04,3.05E+01,6.78E+00,6.92E+00,<,9.16E-05,<,9.16E-05,2.03E-01,1.40E+01,<,4.49E-03,,1.34E+00,4.90E+00,1.64E+01,5.96E-04,,1.38E-04,<,4.16E-05,,5.09E-03,,4.58E-05,<,4.58E-05,1.38E-02,,1.60E-03,<,3.21E-04,1.65E-02,2.10E+00,,9.16E-04,,9.62E-04,,1.83E-04,,6.42E-04,,9.17E-05,,9.17E-05,,9.17E-05,<,4.58E-05,,9.17E-05,<,4.58E-05,<,4.58E-05,<,5.96E-04,,8.71E-04,1.01E-02,,4.58E-05
em06115x10,RCM66,Windermere South Basin,Perch,Perca fluviatillis,Lakeside,18/09/2013,1.09,29.07,26.7,4.01E-01,<,8.62E-04,4.57E+02,2.92E+02,,1.45E+00,6.11E+03,3.63E+02,2.06E+03,1.04E+04,2.48E+01,4.05E+00,5.47E+00,<,7.50E-05,<,7.50E-05,2.24E-01,1.26E+01,,7.42E-03,,1.46E+00,4.95E+00,1.28E+01,6.39E-04,,1.01E-03,<,3.41E-05,,4.95E-03,,3.76E-05,,7.51E-05,1.31E-02,,1.62E-03,,3.00E-04,1.90E-02,2.62E+00,,1.20E-03,,1.16E-03,,2.25E-04,,6.76E-04,,2.63E-04,,1.13E-04,,2.25E-04,,3.76E-05,,1.13E-04,,3.76E-05,<,3.75E-05,<,4.87E-04,,5.22E-03,2.01E-02,,3.00E-04
em06116x10,RCM67,Windermere South Basin,Perch,Perca fluviatillis,Lakeside,18/09/2013,1.48,35.52,24.0,2.53E-01,<,9.58E-04,5.46E+02,3.26E+02,,5.21E-01,7.08E+03,4.44E+02,2.46E+03,1.15E+04,2.81E+01,5.71E+00,6.42E+00,<,8.33E-05,<,8.33E-05,1.62E-01,1.39E+01,<,4.08E-03,,3.05E-01,5.75E+00,1.09E+01,5.44E-04,<,1.21E-03,,4.18E-05,,4.50E-03,,4.18E-05,,8.37E-05,5.54E-03,,2.26E-03,<,2.92E-04,2.00E-02,1.52E+00,,6.25E-04,,4.58E-04,,1.25E-04,,1.26E-04,,4.18E-05,,4.18E-05,,4.18E-05,<,4.17E-05,<,4.17E-05,<,4.17E-05,<,4.17E-05,<,5.42E-04,,2.64E-03,9.62E-03,,8.33E-05
em06117x10,RCM68,Windermere South Basin,Perch,Perca fluviatillis,Lakeside,18/09/2013,6.47,123.2,19.0,3.15E-01,<,1.21E-03,6.88E+02,3.61E+02,,1.11E-01,8.77E+03,3.70E+02,2.45E+03,1.52E+04,3.71E+01,1.96E+00,5.62E+00,<,1.05E-04,<,1.05E-04,1.71E-01,1.11E+01,,6.93E-03,,1.24E+00,6.41E+00,1.70E+01,3.16E-04,<,1.52E-03,<,4.77E-05,,4.04E-03,<,5.25E-05,<,5.25E-05,4.99E-03,,2.37E-03,<,3.68E-04,2.84E-02,2.33E+00,,2.10E-04,<,1.05E-04,<,1.05E-04,,1.58E-04,,5.26E-05,,5.26E-05,<,5.25E-05,<,5.25E-05,<,5.25E-05,<,5.25E-05,<,5.25E-05,<,6.83E-04,,4.58E-03,6.72E-03,<,5.25E-05
em06107x10,RCM69,Windermere South Basin,Perch,Perca fluviatillis,Lakeside,18/09/2013,8.54,153.66,18.0,1.17E-01,<,1.28E-03,8.00E+02,3.80E+02,,2.14E-01,9.23E+03,2.98E+02,2.56E+03,1.65E+04,3.77E+01,3.75E+00,6.28E+00,<,1.11E-04,<,1.11E-04,1.57E-01,1.34E+01,,1.40E-02,,1.45E+00,4.47E+00,2.02E+01,4.99E-04,,4.99E-04,<,5.03E-05,,3.83E-03,,5.55E-05,<,5.56E-05,1.12E-02,,2.05E-03,<,3.89E-04,2.18E-02,2.86E+00,,5.56E-04,,4.45E-04,<,1.11E-04,,3.88E-04,,1.66E-04,,5.55E-05,,5.55E-05,,5.55E-05,,5.55E-05,<,5.56E-05,<,5.56E-05,<,7.23E-04,,3.77E-03,2.29E-02,,5.56E-05
em06118x10,RCM70,Windermere North Basin,Pike,Esox lucius,Whitecross Bay,17/09/2012,13.08,741.3,56.7,4.99E-02,<,4.06E-04,3.72E+02,1.43E+02,,3.53E-01,3.00E+03,1.43E+02,1.18E+03,4.73E+03,1.16E+01,1.76E+00,2.93E+00,<,3.53E-05,<,3.53E-05,7.85E-02,1.08E+01,<,1.73E-03,,7.47E-01,2.54E+00,3.00E+00,3.51E-04,,1.76E-04,<,1.59E-05,,1.08E-03,<,1.76E-05,<,1.76E-05,1.80E-03,,4.74E-04,<,1.24E-04,1.73E-02,2.47E-01,,6.00E-04,,8.47E-04,,1.24E-04,,4.39E-04,,7.03E-05,,1.76E-05,,7.03E-05,,1.76E-05,,3.51E-05,,3.51E-05,<,1.76E-05,<,2.29E-04,,8.61E-04,9.97E-03,<,1.76E-05
em06119x10,RCM71,Derwent Water,Pike,Esox lucius,Site 3,05/09/2012,24.49,550.8,22.5,3.75E-01,<,1.02E-03,7.83E+02,3.42E+02,,2.71E-01,7.11E+03,3.84E+02,2.59E+03,1.18E+04,2.83E+01,1.40E+01,5.78E+00,<,8.89E-05,<,8.89E-05,1.51E-01,2.50E+01,,1.56E-02,,1.83E+00,1.03E+01,2.79E+01,4.87E-04,<,1.15E+00,<,4.01E-05,,1.73E-03,,4.43E-05,,1.77E-04,1.01E-02,,1.42E-03,<,3.11E-04,1.41E-01,5.51E-01,,1.02E-03,,1.11E-03,,1.33E-04,,5.31E-04,,8.85E-05,,4.43E-05,,4.43E-05,,4.43E-05,,4.43E-05,<,4.45E-05,<,4.45E-05,<,5.78E-04,,3.89E-03,6.89E-03,<,4.45E-05
em06120x10,RCM72,Windermere South Basin,Perch,Perca fluviatillis,Silver Holme (20m),18/09/2012,10.03,206.67,20.6,1.55E-01,<,1.12E-03,7.77E+02,3.64E+02,,3.11E-01,8.10E+03,3.90E+02,2.74E+03,1.37E+04,3.25E+01,4.78E+00,7.81E+00,<,9.71E-05,<,9.71E-05,2.49E-01,1.36E+01,<,4.76E-03,,1.79E+00,5.44E+00,1.56E+01,7.28E-04,<,1.40E-03,<,4.40E-05,,5.24E-03,<,4.85E-05,,1.94E-04,1.26E-02,,1.65E-01,<,3.40E-04,1.79E-02,1.76E+00,,7.28E-04,,7.77E-04,,1.46E-04,,4.37E-04,,4.85E-05,,4.85E-05,,1.46E-04,<,4.85E-05,,9.70E-05,<,4.85E-05,<,4.85E-05,<,6.31E-04,,2.72E-03,4.46E-03,<,4.85E-05
em06104x10,RCM73,Windermere South Basin,Perch,Perca fluviatillis,Rawlinsons Nab,18/09/2013,3.32,67.9,20.5,2.02E-01,<,1.12E-03,8.65E+02,3.84E+02,,4.15E-01,8.17E+03,4.19E+02,2.94E+03,1.33E+04,3.24E+01,2.78E+00,7.24E+00,<,9.78E-05,<,9.78E-05,2.41E-01,1.47E+01,,7.53E-03,,1.65E+00,5.33E+00,1.69E+01,3.41E-04,,3.90E-04,,9.76E-05,,6.26E-03,<,4.89E-05,,1.95E-04,1.50E-02,,2.98E-03,<,3.42E-04,2.00E-02,2.04E+00,,5.87E-04,,3.91E-04,<,9.78E-05,,1.46E-04,,4.88E-05,,4.88E-05,<,4.89E-05,<,4.89E-05,<,4.89E-05,<,4.89E-05,<,4.89E-05,<,6.36E-04,,3.02E-03,1.84E-02,,4.89E-05
em06004x10,RCM74,Windermere South Basin,Perch,Perca fluviatillis,Rawlinsons Nab,18/09/2013,7.31,161.5,22.1,7.51E-01,<,1.04E-03,7.60E+02,3.54E+02,,2.73E-01,7.47E+03,2.51E+02,2.74E+03,1.24E+04,2.93E+01,3.27E+00,6.16E+00,<,9.05E-05,<,9.05E-05,3.48E-01,1.29E+01,,1.54E-02,,1.28E+00,5.07E+00,1.54E+01,4.07E-04,,6.33E-04,,4.52E-05,,3.98E-03,,9.05E-05,,3.17E-04,1.26E-02,,2.49E-03,<,3.17E-04,1.90E-02,2.23E+00,,4.53E-04,,2.72E-04,<,9.05E-05,,4.52E-05,<,4.53E-05,,9.05E-05,,9.05E-05,<,4.53E-05,<,4.53E-05,<,4.53E-05,<,4.53E-05,<,5.88E-04,,3.17E-03,1.24E-02,<,4.53E-05
em05805x10,RCM75,Windermere North Basin,Perch,Perca fluviatillis,Whitecross Bay,17/09/2012,6.39,155.2,24.3,4.69E-01,<,9.47E-04,5.27E+02,3.27E+02,,2.35E-01,6.55E+03,2.89E+02,2.70E+03,1.06E+04,2.29E+01,1.75E+00,6.47E+00,<,8.24E-05,<,8.24E-05,2.87E-01,1.25E+01,,1.54E-02,,9.23E-01,5.60E+00,1.33E+01,2.89E-04,<,1.19E-03,<,3.74E-05,,4.49E-03,<,4.12E-05,,3.30E-04,2.26E-02,,1.81E-03,<,2.88E-04,2.70E-02,1.77E+00,,6.18E-04,,3.29E-04,,1.24E-04,,3.30E-04,,4.12E-05,,4.12E-05,,4.12E-05,<,4.12E-05,<,4.12E-05,<,4.12E-05,<,4.12E-05,<,5.35E-04,,3.59E-03,2.68E-02,,1.24E-04
em05806x10,RCM76,Windermere North Basin,Perch,Perca fluviatillis,Whitecross Bay,17/09/2012,7.16,154.9,21.6,1.47E-01,<,1.06E-03,6.79E+02,3.37E+02,,1.34E-01,6.93E+03,3.04E+02,2.73E+03,1.18E+04,2.56E+01,1.79E+00,4.56E+00,<,9.24E-05,<,9.24E-05,1.96E-01,1.13E+01,,2.17E-02,,1.68E+00,5.73E+00,1.32E+01,3.69E-04,,9.23E-05,<,4.19E-05,,4.02E-03,,4.62E-05,<,4.62E-05,1.19E-02,,1.25E-03,<,3.24E-04,2.74E-02,1.56E+00,,6.93E-04,,2.77E-04,,9.24E-05,,2.31E-04,<,4.62E-05,,4.62E-05,,4.62E-05,,4.62E-05,<,4.62E-05,<,4.62E-05,<,4.62E-05,<,6.01E-04,,5.35E-03,3.42E-03,,9.24E-05
em05807x10,RCM77,Windermere North Basin,Perch,Perca fluviatillis,Whitecross Bay,17/09/2012,2.44,50.34,20.6,3.20E-01,<,1.11E-03,6.16E+02,3.66E+02,,4.47E-01,8.48E+03,4.76E+02,2.40E+03,1.39E+04,2.67E+01,2.61E+00,4.55E+01,<,9.69E-05,<,9.69E-05,2.14E-01,1.34E+01,,2.47E-02,,7.53E-01,5.28E+00,1.33E+01,6.30E-04,,9.69E-05,,9.69E-05,,7.03E-03,<,4.85E-05,<,4.85E-05,1.07E-02,,1.27E-02,,2.57E-03,2.89E-02,1.95E+00,,1.02E-03,,5.82E-04,,1.45E-04,,6.30E-04,,4.84E-05,,4.84E-05,,1.94E-04,<,4.85E-05,,4.84E-05,<,4.85E-05,<,4.85E-05,,1.37E-02,,5.09E-03,2.54E-01,,4.85E-04
em05808x10,RCM78,Windermere North Basin,Perch,Perca fluviatillis,Whitecross Bay,17/09/2012,1.43,34.51,24.1,3.05E-01,<,9.53E-04,4.19E+02,3.48E+02,,3.53E-01,7.25E+03,3.84E+02,2.56E+03,1.13E+04,2.31E+01,5.51E+00,1.22E+01,<,8.29E-05,<,8.29E-05,2.07E-01,1.35E+01,,1.09E-02,,3.51E-01,4.72E+00,1.08E+01,3.73E-04,,1.24E-04,,4.15E-05,,4.72E-03,<,4.14E-05,,8.30E-05,1.47E-02,,1.08E-03,,2.90E-04,2.08E-02,1.31E+00,,8.70E-04,,4.97E-04,,1.66E-04,,2.90E-04,<,4.14E-05,,4.15E-05,,4.15E-05,<,4.14E-05,,8.30E-05,<,4.14E-05,<,4.14E-05,<,5.39E-04,,7.05E-03,2.37E-02,,2.07E-04
em05809x10,RCM79,Windermere South Basin,Perch,Perca fluviatillis,Rawlinsons Nab,18/09/2013,7.96,174.49,21.9,6.16E-02,<,1.05E-03,6.57E+02,3.31E+02,,1.49E-01,7.48E+03,2.88E+02,2.20E+03,1.26E+04,2.60E+01,3.70E+00,5.84E+00,<,9.12E-05,<,9.12E-05,1.68E-01,1.20E+01,,2.15E-02,,9.86E-01,5.61E+00,1.29E+01,4.09E-04,<,1.31E-03,,9.08E-05,,4.84E-03,,4.54E-05,<,4.56E-05,1.51E-02,,2.59E-03,,3.19E-04,2.00E-02,1.78E+00,,3.65E-04,<,9.12E-05,<,9.12E-05,,2.72E-04,,4.54E-05,,4.54E-05,,9.08E-05,<,4.56E-05,,4.54E-05,<,4.56E-05,<,4.56E-05,<,5.93E-04,,4.13E-03,5.84E-02,,2.28E-04
em05810x10,RCM80,Windermere South Basin,Perch,Perca fluviatillis,Rawlinsons Nab,18/09/2013,2.98,57.37,19.3,3.97E-01,<,1.19E-03,7.69E+02,3.81E+02,,6.70E-02,8.62E+03,2.20E+02,2.79E+03,1.41E+04,3.00E+01,1.96E+00,5.82E+00,<,1.04E-04,<,1.04E-04,2.57E-01,1.22E+01,<,5.09E-03,,1.08E+00,7.17E+00,1.52E+01,3.11E-04,<,1.49E-03,,5.18E-05,,4.99E-03,<,5.19E-05,<,5.19E-05,5.14E-03,,5.23E-03,<,3.64E-04,3.40E-02,1.78E+00,,1.56E-04,<,1.04E-04,<,1.04E-04,,1.04E-04,<,5.19E-05,<,5.19E-05,<,5.19E-05,<,5.19E-05,<,5.19E-05,<,5.19E-05,<,5.19E-05,<,6.75E-04,,7.25E-04,1.19E-02,,1.04E-04
em05811x10,RCM81,Windermere North Basin,Perch,Perca fluviatillis,Green Tuft Bay,17/09/2012,1.40,30.38,21.7,2.87E-01,<,1.06E-03,6.08E+02,3.54E+02,,7.33E-01,7.42E+03,2.36E+02,2.64E+03,1.21E+04,2.60E+01,5.85E+00,6.54E+00,<,9.22E-05,<,9.22E-05,2.11E-01,1.41E+01,,9.31E-03,,8.22E-01,5.44E+00,1.32E+01,7.81E-04,,1.38E-04,,4.60E-05,,6.08E-03,,4.60E-05,<,4.61E-05,1.38E-02,,4.32E-03,,6.91E-04,3.05E-02,1.77E+00,,1.98E-03,,1.94E-03,,3.69E-04,,1.01E-03,,1.38E-04,,9.19E-05,,2.76E-04,,4.60E-05,,1.38E-04,,4.60E-05,,4.60E-05,<,5.99E-04,,2.48E-03,2.84E-02,,2.76E-04
em05812x10,RCM82,Windermere North Basin,Perch,Perca fluviatillis,Green Tuft Bay,17/09/2012,2.54,55.22,21.7,2.32E-01,<,1.06E-03,5.15E+02,3.43E+02,,9.02E-01,7.18E+03,2.27E+02,2.58E+03,1.18E+04,2.30E+01,5.43E+00,1.53E+02,<,9.20E-05,<,9.20E-05,3.17E-01,1.28E+01,,2.35E-02,,9.84E-01,5.43E+00,1.31E+01,6.42E-04,<,1.32E-03,,9.18E-05,,3.28E-02,,4.59E-05,,4.59E-05,2.33E-02,,2.46E-02,,6.21E-03,3.61E-02,1.54E+00,,1.38E-03,,1.10E-03,,2.30E-04,,7.34E-04,,9.18E-05,,4.59E-05,,1.38E-04,,4.59E-05,,1.84E-04,<,4.60E-05,<,4.60E-05,,1.00E-01,,2.66E-03,7.96E-01,,2.44E-03
em05813x10,RCM83,Windermere North Basin,Perch,Perca fluviatillis,Green Tuft Bay,17/09/2012,11.55,246.09,21.3,4.20E-01,<,1.08E-03,6.05E+02,3.74E+02,,2.23E+00,7.79E+03,2.18E+02,2.82E+03,1.27E+04,2.78E+01,3.86E+00,1.08E+01,<,9.39E-05,<,9.39E-05,2.70E-01,1.18E+01,<,4.60E-03,,1.28E+00,7.27E+00,1.48E+01,2.49E-03,<,1.36E-03,,1.41E-04,,5.49E-03,<,4.69E-05,<,4.69E-05,1.89E-02,,2.40E-03,,3.94E-03,3.52E-02,2.22E+00,,4.60E-03,,6.52E-03,,9.86E-04,,2.73E-03,,7.06E-04,,1.88E-04,,6.12E-04,,9.41E-05,,4.24E-04,,9.41E-05,,1.88E-04,<,6.10E-04,,7.06E-04,8.26E-02,,1.88E-04
em05814x10,RCM84,Windermere North Basin,Perch,Perca fluviatillis,Rayrigg Bay,17/09/2012,1.61,31.63,19.6,2.01E-01,<,1.17E-03,6.46E+02,3.57E+02,,2.94E-01,8.30E+03,2.64E+02,2.55E+03,1.40E+04,3.19E+01,3.51E+00,8.20E+00,<,1.02E-04,<,1.02E-04,1.87E-01,1.26E+01,,5.45E-03,,1.51E+00,7.28E+00,1.44E+01,4.59E-04,,2.75E-03,,5.10E-05,,5.04E-03,<,5.09E-05,,5.10E-05,9.77E-03,,6.63E-04,<,3.56E-04,3.01E-02,2.19E+00,,8.65E-04,,3.05E-04,,1.53E-04,,4.59E-04,,5.10E-05,,5.10E-05,,1.02E-04,<,5.09E-05,,5.10E-05,<,5.09E-05,<,5.09E-05,<,6.62E-04,,3.01E-03,2.86E-02,,1.53E-04
em05815x10,RCM85,Windermere North Basin,Perch,Perca fluviatillis,Rayrigg Bay,17/09/2012,7.15,159.88,22.4,2.90E-01,<,1.03E-03,6.89E+02,3.27E+02,,1.61E-01,7.20E+03,2.23E+02,2.63E+03,1.18E+04,2.63E+01,2.38E+00,6.75E+00,<,8.94E-05,<,8.94E-05,2.25E-01,1.22E+01,<,4.38E-03,,1.75E+00,6.08E+00,1.56E+01,7.14E-04,<,1.29E-03,<,4.05E-05,,5.32E-03,,8.92E-05,,8.92E-05,1.42E-02,,2.41E-03,<,3.13E-04,2.72E-02,1.78E+00,,6.26E-04,,1.34E-04,<,8.94E-05,,1.78E-04,,8.92E-05,,4.46E-05,,4.46E-05,<,4.47E-05,<,4.47E-05,<,4.47E-05,<,4.47E-05,<,5.81E-04,<,4.47E-05,7.69E-03,<,4.47E-05
em05816x10,RCM86,Derwent Water,Vendace,Coregonus vandesius,Floating ,05/09/2012,0.03,1.54,51.3,2.34E+00,<,9.45E-03,3.23E+02,1.74E+02,<,2.47E-01,3.04E+03,1.96E+02,1.39E+03,4.71E+03,1.41E+01,3.82E+00,8.05E+00,,2.51E-03,,2.18E-01,2.84E-01,1.36E+01,<,4.03E-02,,4.24E-01,2.53E+00,3.29E+02,4.11E-04,<,1.19E-02,<,3.73E-04,<,2.05E-03,<,1.95E-05,<,1.95E-05,1.74E-02,,7.40E-03,<,2.88E-03,1.79E-02,4.48E-01,<,8.18E-04,<,8.18E-04,<,8.18E-04,,4.11E-04,,4.11E-04,<,1.95E-05,<,1.95E-05,<,1.95E-05,<,1.95E-05,<,1.95E-05,<,1.95E-05,<,5.34E-03,,1.23E-03,6.18E-02,<,4.09E-04
em06112x10,RCM63,Windermere South Basin,Brown trout,Salmo trutta,Floating,18/09/2012,2.95,111.57,37.8,8.12E-01,<,6.08E-04,6.45E+02,3.01E+02,,1.93E-01,4.47E+03,2.47E+02,3.46E+03,4.65E+03,1.61E+01,9.28E-01,7.11E+00,,5.02E-04,<,5.29E-05,5.95E-01,3.12E+01,<,2.59E-03,,5.33E-02,5.68E+00,4.44E+00,1.32E-04,<,7.60E-04,<,2.39E-05,,6.80E-03,<,2.64E-05,<,2.64E-05,1.15E-02,,2.76E-03,,2.64E-04,1.60E-02,3.09E-01,,1.32E-04,,1.06E-04,<,5.29E-05,<,2.64E-05,,2.63E-05,<,2.64E-05,<,2.64E-05,<,2.64E-05,<,2.64E-05,<,2.64E-05,<,2.64E-05,<,3.44E-04,,5.27E-05,8.62E-03,<,2.64E-05
em05817x10,RCM87,Derwent Water,Vendace,Coregonus vandesius,Floating,05/09/2012,0.54,21.01,38.9,3.57E-01,<,5.91E-04,3.75E+02,2.33E+02,,4.06E-01,3.93E+03,1.57E+02,1.87E+03,5.83E+03,1.43E+01,4.55E+00,6.73E+00,,4.01E-03,<,5.14E-05,2.85E-01,1.87E+01,,5.53E-03,,1.97E-01,5.24E+00,2.06E+01,4.35E-04,,1.43E-03,,5.12E-05,,3.96E-03,,5.12E-05,,2.30E-04,2.19E-02,,1.13E-03,,3.60E-04,3.50E-02,8.48E-01,,9.25E-04,,6.68E-04,,1.54E-04,,4.35E-04,,1.28E-04,,2.56E-05,,1.02E-04,<,2.57E-05,,7.68E-05,<,2.57E-05,,2.56E-05,<,3.34E-04,,3.07E-03,2.16E-01,,2.57E-05
em05818x10,RCM88,Derwent Water,Vendace,Coregonus vandesius,Floating ,05/09/2012,0.59,18.59,31.5,2.37E-02,<,7.30E-04,3.40E+02,2.81E+02,,1.40E+00,4.95E+03,1.99E+02,1.96E+03,8.09E+03,1.86E+01,4.57E+00,7.93E+00,,3.11E-03,<,6.35E-05,2.71E-01,2.06E+01,<,3.11E-03,<,6.89E-01,5.49E+00,2.45E+01,1.12E-03,,2.26E-03,,1.27E-04,,3.52E-03,,9.56E-05,,1.59E-04,2.04E-02,,7.87E-03,,9.52E-04,4.00E-02,8.32E-01,,2.41E-03,,2.44E-03,,4.13E-04,,1.40E-03,,3.50E-04,,6.37E-05,,2.55E-04,,3.19E-05,,2.23E-04,,3.19E-05,,6.37E-05,<,4.13E-04,,3.73E-03,7.55E-01,,6.35E-05
em05819x10,RCM89,Derwent Water,Vendace,Coregonus vandesius,Floating,05/09/2012,0.53,24.26,45.8,4.11E-01,<,5.02E-04,2.82E+02,2.47E+02,,7.69E-01,3.52E+03,1.14E+02,2.01E+03,4.63E+03,1.20E+01,1.89E+00,5.24E+00,,5.90E-03,<,4.37E-05,2.60E-01,1.23E+01,<,2.14E-03,<,4.73E-01,5.31E+00,1.49E+01,4.15E-04,,2.88E-03,,1.97E-04,,2.47E-03,,4.37E-05,,1.09E-04,2.86E-02,,1.33E-03,,4.15E-04,3.85E-02,6.10E-01,,1.03E-03,,1.29E-03,,1.97E-04,,6.34E-04,,8.74E-05,,4.37E-05,,8.74E-05,,2.19E-05,,2.19E-05,<,2.18E-05,,2.19E-05,<,2.84E-04,,1.51E-03,5.13E-01,,4.37E-05
em05820x10,RCM90,Derwent Water,Vendace,Coregonus vandesius,Floating,05/09/2012,0.66,25.94,39.3,1.09E-01,<,5.85E-04,2.93E+02,2.42E+02,,9.36E-01,3.99E+03,4.60E+01,1.45E+03,6.34E+03,1.54E+01,3.28E+00,6.84E+00,,3.08E-03,<,5.09E-05,2.29E-01,1.77E+01,,2.52E-03,<,5.51E-01,3.94E+00,2.28E+01,3.46E-04,,2.04E-04,,3.06E-05,,2.82E-03,,1.02E-05,,9.17E-05,1.69E-02,,7.33E-04,,5.60E-04,3.00E-02,4.30E-01,,2.42E-03,,2.95E-03,,4.83E-04,,5.09E-04,,9.17E-05,,3.06E-05,,1.22E-04,,2.04E-05,,8.15E-05,,2.04E-05,,2.04E-05,<,3.31E-04,,9.06E-04,1.06E-01,,2.29E-04
em05905x10,RCM91,Derwent Water,Vendace,Coregonus vandesius,Floating,05/09/2012,0.44,26.64,60.5,1.93E-02,<,3.80E-04,2.15E+02,1.85E+02,,1.03E+00,2.74E+03,7.98E+01,1.50E+03,3.72E+03,9.12E+00,2.13E+00,6.31E+00,,6.09E-03,<,3.30E-05,1.80E-01,1.04E+01,<,1.62E-03,<,3.58E-01,4.00E+00,1.21E+01,6.95E-04,,5.15E-03,,1.65E-04,,2.26E-03,,4.96E-05,,6.62E-05,1.41E-02,,1.39E-03,,3.96E-04,3.04E-02,1.09E+00,,1.47E-03,,2.06E-03,,2.97E-04,,8.11E-04,,1.65E-04,,4.96E-05,,1.32E-04,,3.31E-05,,1.49E-04,,3.31E-05,,3.31E-05,<,2.15E-04,,1.14E-03,4.51E-02,,1.16E-04
em05906x10,RCM92,Derwent Water,Vendace,Coregonus vandesius,Floating,05/09/2012,0.67,26.7,39.9,2.20E-02,<,5.77E-04,3.41E+02,2.63E+02,,1.13E+00,4.09E+03,1.35E+02,1.92E+03,6.12E+03,1.41E+01,2.99E+00,1.80E+01,,5.72E-03,<,5.02E-05,2.58E-01,1.43E+01,<,2.46E-03,<,5.44E-01,5.47E+00,2.23E+01,8.05E-04,,5.18E-03,,2.77E-04,,4.72E-03,,7.54E-05,,3.02E-04,1.88E-02,,2.79E-03,,8.03E-04,4.34E-02,1.13E+00,,2.01E-03,,2.41E-03,,3.76E-04,,1.21E-03,,1.76E-04,,7.54E-05,,2.26E-04,,5.03E-05,,1.26E-04,,2.51E-05,,2.51E-05,,5.85E-03,,1.23E-03,3.66E-01,,1.00E-04
em05907x10,RCM93,Derwent Water,Vendace,Coregonus vandesius,Site 4,05/09/2012,0.64,23.96,37.4,4.97E-01,,1.42E-03,2.83E+02,2.46E+02,,1.37E+01,4.43E+03,1.34E+02,1.03E+03,7.64E+03,1.62E+01,9.99E+00,5.85E+01,,1.47E-02,<,5.34E-05,3.45E-01,2.16E+01,<,2.62E-03,<,5.76E-01,2.80E+00,2.67E+01,1.19E-02,,8.02E-03,,1.01E-03,,6.14E-03,,7.99E-05,,2.93E-04,1.45E-02,,4.00E-03,,1.84E-03,2.17E-02,7.37E-01,,3.18E-02,,6.09E-02,,7.16E-03,,2.11E-02,,3.73E-03,,8.52E-04,,5.01E-03,,6.39E-04,,3.49E-03,,6.39E-04,,1.17E-03,,5.34E-04,,3.33E-03,5.56E-01,,6.94E-04
em05908x10,RCM99,Windermere North Basin,Perch,Perca fluviatillis,Rayrigg Bay,17/09/2012,17.44,325.3,18.7,6.00E-02,<,1.23E-03,7.77E+02,3.97E+02,,2.18E-01,8.69E+03,2.89E+02,2.98E+03,1.49E+04,3.30E+01,2.21E+00,8.90E+00,<,1.07E-04,<,1.07E-04,2.00E-01,1.23E+01,,1.94E-02,,1.87E+00,7.13E+00,1.64E+01,4.28E-04,,8.02E-04,,5.35E-05,,4.83E-03,,5.35E-05,,2.67E-04,1.70E-02,,2.03E-03,<,3.75E-04,3.73E-02,2.33E+00,,8.58E-04,,7.51E-04,,1.07E-04,,1.60E-04,,5.35E-05,,5.35E-05,,5.35E-05,<,5.36E-05,<,5.36E-05,,5.35E-05,<,5.36E-05,<,6.97E-04,,6.79E-03,1.42E-01,,1.61E-04
em05909x10,RCM100,Windermere South Basin,Pike,Esox lucius,Chicken Rocks,18/09/2012,127,2819.54,22.2,1.59E-01,<,1.04E-03,9.64E+02,3.48E+02,,1.92E-01,7.30E+03,1.69E+02,2.71E+03,1.20E+04,2.68E+01,2.95E+00,1.00E+01,<,9.01E-05,<,9.01E-05,2.93E-01,5.09E+01,<,4.41E-03,,8.20E-01,5.22E+00,8.02E+00,4.06E-04,,3.16E-04,,4.51E-05,,2.97E-03,,4.51E-05,,1.35E-04,2.21E-03,,1.01E-02,,4.05E-04,5.99E-02,8.51E-01,,3.15E-04,,2.70E-04,<,9.01E-05,,1.35E-04,<,4.50E-05,<,4.50E-05,<,4.50E-05,<,4.50E-05,<,4.50E-05,<,4.50E-05,<,4.50E-05,<,5.86E-04,<,4.50E-05,1.70E-02,<,4.50E-05
,,,,,,,,,,,,,,,,,,,,,,,,,,,,,,,,,,,,,,,,,,,,,,,,,,,,,,,,,,,,,,,,,,,,,,,,,,,,,,,,,,
,,,,,,,,,,,,,,,,,,,,,,,,,,,,,,,,,,,,,,,,,,,,,,,,,,,,,,,,,,,,,,,,,,,,,,,,,,,,,,,,,,
,,,,,,,,,,,,,,,,,,,,,,,,,,,,,,,,,,,,,,,,,,,,,,,,,,,,,,,,,,,,,,,,,,,,,,,,,,,,,,,,,,
,,,,,,,,,,,,,,,,,,,,,,,,,,,,,,,,,,,,,,,,,,,,,,,,,,,,,,,,,,,,,,,,,,,,,,,,,,,,,,,,,,
